Unity Editor version:    6000.5.9f1 (b57deb96f08d)
Branch:                  6000.5/staging
Build type:              Release
Batch mode:              NO
System name:             Linux
Distro version:          #29~24.04.2-Ubuntu SMP PREEMPT_DYNAMIC Wed Aug 12 17:25:56 UTC 2
Kernel version:          7.0.0-29-generic
Architecture:            x86_64
Available memory:        11832 MB
Date:                    2026-08-22T14:40:27Z
[Licensing::Module] Trying to connect to existing licensing client channel...
[Licensing::IpcConnector] Successfully connected to: "LicenseClient-turker" at "2026-08-22T14:40:27.6918Z"
[SignatureVerifier] Application signature verification not supported on this platform.
[Licensing::Client] Error: HandshakeResponse reported an error:
	ResponseCode: 505
	ResponseStatus: Unsupported protocol version '1.18.3'.
[Licensing::Module] Error: Failed to handshake to channel: "LicenseClient-turker"
[Licensing::IpcConnector] LicenseClient-turker channel disconnected successfully.
[Licensing::IpcConnector] Channel LicenseClient-turker-6000.5.9 doesn't exist
[Licensing::Module] Successfully launched the LicensingClient (PId: 107755)
Selected window backend: (null) 
Desktop is 1366 x 768 @ 60 Hz
Initialize udev device monitor.

COMMAND LINE ARGUMENTS:
/home/turker/Unity/Hub/Editor/6000.5.9f1/Editor/Unity
-projectpath
/home/turker/Documents/playground/ocean-battle-royale
-acceptSoftwareTermsForThisRunOnly
-useHub
-hubIPC
-cloudEnvironment
production
-licensingIpc
LicenseClient-turker
-hubSessionId
3e720401-a73f-4a3d-8e76-f739b76d8624
-accessToken
gt_8aYM_0F7MLMH4X_EhumuXjS9JX4TVfzA3ZGys2Q4011f
Successfully changed project path to: /home/turker/Documents/playground/ocean-battle-royale
/home/turker/Documents/playground/ocean-battle-royale
[UnityMemory] Configuration Parameters - Can be set up in boot.config
    "memorysetup-temp-allocator-size-gi-baking-worker=262144"
    "memorysetup-temp-allocator-size-gi-baking-worker=262144"
    "memorysetup-temp-allocator-size-gi-baking-worker=262144"
    "memorysetup-temp-allocator-size-gi-baking-worker=262144"
    "memorysetup-temp-allocator-size-gi-baking-worker=262144"
    "memorysetup-temp-allocator-size-nav-mesh-worker=65536"
    "memorysetup-temp-allocator-size-audio-worker=65536"
    "memorysetup-temp-allocator-size-cloud-worker=32768"
    "memorysetup-allocator-temp-initial-block-size-main=262144"
    "memorysetup-allocator-temp-initial-block-size-worker=262144"
    "memorysetup-temp-allocator-size-preload-manager=33554432"
    "memorysetup-remapper-allocator-initial-capacity=32768"
    "memorysetup-temp-allocator-size-gfx=262144"
    "memorysetup-temp-allocator-size-background-worker=32768"
    "memorysetup-temp-allocator-size-job-worker=262144"
    "memorysetup-bucket-allocator-granularity=16"
    "memorysetup-bucket-allocator-bucket-count=8"
    "memorysetup-bucket-allocator-block-size=33554432"
    "memorysetup-bucket-allocator-block-count=8"
    "memorysetup-main-allocator-block-size=16777216"
    "memorysetup-thread-allocator-block-size=16777216"
    "memorysetup-main-allocator-mimalloc-enabled=0"
    "memorysetup-gfx-main-allocator-block-size=16777216"
    "memorysetup-gfx-thread-allocator-block-size=16777216"
    "memorysetup-cache-allocator-block-size=4194304"
    "memorysetup-typetree-allocator-block-size=2097152"
    "memorysetup-profiler-bucket-allocator-granularity=16"
    "memorysetup-profiler-bucket-allocator-bucket-count=8"
    "memorysetup-profiler-bucket-allocator-block-size=33554432"
    "memorysetup-profiler-bucket-allocator-block-count=8"
    "memorysetup-profiler-allocator-block-size=16777216"
    "memorysetup-profiler-editor-allocator-block-size=1048576"
    "memorysetup-temp-allocator-size-main=16777216"
    "memorysetup-job-temp-allocator-block-size=2097152"
    "memorysetup-job-temp-allocator-block-size-background=1048576"
    "memorysetup-job-temp-allocator-reduction-small-platforms=262144"
Player connection [124993617025856]  Target information:

Player connection [124993617025856]  * "[IP] 192.168.1.237 [Port] 55504 [Flags] 2 [Guid] 578162147 [EditorId] 578162147 [Version] 1048832 [Id] LinuxEditor(16,192.168.1.237) [Debug] 1 [PackageName] LinuxEditor [ProjectName] Editor" 

Player connection [124993617025856]  * "[IP] 100.73.184.3 [Port] 55504 [Flags] 2 [Guid] 578162147 [EditorId] 578162147 [Version] 1048832 [Id] LinuxEditor(16,192.168.1.237) [Debug] 1 [PackageName] LinuxEditor [ProjectName] Editor" 

Player connection [124993617025856]  * "[IP] 172.17.0.1 [Port] 55504 [Flags] 2 [Guid] 578162147 [EditorId] 578162147 [Version] 1048832 [Id] LinuxEditor(16,192.168.1.237) [Debug] 1 [PackageName] LinuxEditor [ProjectName] Editor" 

Player connection [124993617025856] Host joined multi-casting on [225.0.0.222:54997]...
Player connection [124993617025856] Host joined alternative multi-casting on [225.0.0.222:34997]...
Input System module state changed to: Initialized.
[Physics::Module] Initialized fallback backend.
[Physics::Module] Id: 0xdecafbad
[Package Manager] Connected to IPC stream "Upm-107746" after 1.0 seconds.
[Licensing::Module] Licensing is not yet initialized.
[Licensing::IpcConnector] Successfully connected to: "LicenseClient-turker-6000.5.9" at "2026-08-22T14:40:30.627156Z"
[SignatureVerifier] Application signature verification not supported on this platform.
[Licensing::Client] Handshaking with LicensingClient:
  Version:                 1.18.3+d7ffd15
  Session Id:              d34606aed08c453580e15a4fdedcb700
  Correlation Id:          a0780da47f2cf4bb519dbd6d4e06ab62
  External correlation Id: 8773657916156507463
  Machine Id:              HJ7o9NIMVlPMRnha+UDdyASarUQ=
[Licensing::Module] Successfully connected to LicensingClient on channel: "LicenseClient-turker-6000.5.9" (connect: 2.92s, validation: 0.30s, handshake: 0.00s)
[Licensing::IpcConnector] Successfully connected to: "LicenseClient-turker-6000.5.9-notifications" at "2026-08-22T14:40:30.925301Z"
[Licensing::Module] Connected to LicensingClient (PId: 107755, launch time: 0.00, total connection time: 3.21s)
[Licensing::Client] Successfully updated the access token
[Licensing::Module] Successfully updated the access token gt_8aYM_0F...
[Licensing::Client] Successfully resolved entitlement details
[Licensing::Module] License group:
  Id: 2977878-UnityPersXXXX
  Product: Unity Personal
  Type: Assigned
  Expiration: Unlimited
[Licensing::Client] Successfully updated license, isAsync: True, time: 0.03
[Licensing::Client] Successfully resolved entitlement details
[Licensing::Module] Licensing Background thread has ended after 3.49s
[Licensing::Module] Licensing is initialized (took 0.59s).
[Licensing::Client] Successfully resolved entitlement details
Library Redirect Path: Library/
[Physics::Module] Selected backend.
[Physics::Module] Name: PhysX
[Physics::Module] Id: 0xf2b8ea05
[Physics::Module] SDK Version: 4.1.2
[Physics::Module] Integration Version: 1.0.0
[Physics::Module] Threading Mode: Multi-Threaded
Unable to load player prefs
Initialize engine version: 6000.5.9f1 (b57deb96f08d)
[Subsystems] Discovering subsystems at path /home/turker/Unity/Hub/Editor/6000.5.9f1/Editor/Data/Resources/UnitySubsystems
[Subsystems] Discovering subsystems at path /home/turker/Documents/playground/ocean-battle-royale/Assets
kGfxThreadingModeSplitJobs is not supported on OpenGL Core. Reverting to kGfxThreadingModeDirect instead.
GfxDevice: creating device client; kGfxThreadingModeDirect
GLX Extensions: GLX_ARB_context_flush_control GLX_ARB_create_context GLX_ARB_create_context_no_error GLX_ARB_create_context_profile GLX_ARB_create_context_robustness GLX_ARB_fbconfig_float GLX_ARB_framebuffer_sRGB GLX_ARB_get_proc_address GLX_ARB_multisample GLX_EXT_buffer_age GLX_EXT_create_context_es2_profile GLX_EXT_create_context_es_profile GLX_EXT_fbconfig_packed_float GLX_EXT_framebuffer_sRGB GLX_EXT_no_config_context GLX_EXT_swap_control GLX_EXT_swap_control_tear GLX_EXT_texture_from_pixmap GLX_EXT_visual_info GLX_EXT_visual_rating GLX_INTEL_swap_event GLX_MESA_copy_sub_buffer GLX_MESA_gl_interop GLX_MESA_query_renderer GLX_MESA_swap_control GLX_OML_sync_control GLX_SGIS_multisample GLX_SGIX_fbconfig GLX_SGIX_pbuffer GLX_SGIX_visual_select_group GLX_SGI_make_current_read GLX_SGI_swap_control GLX_SGI_video_sync 
Renderer: Mesa Intel(R) HD Graphics 4000 (IVB GT2)
Vendor:   Intel
Version:  4.2 (Core Profile) Mesa 25.2.8-0ubuntu0.24.04.2
GLES:     0
 GL_3DFX_texture_compression_FXT1 GL_AMD_conservative_depth GL_AMD_draw_buffers_blend GL_AMD_multi_draw_indirect GL_AMD_performance_monitor GL_AMD_pinned_memory GL_AMD_seamless_cubemap_per_texture GL_AMD_shader_trinary_minmax GL_AMD_texture_texture4 GL_AMD_vertex_shader_layer GL_AMD_vertex_shader_viewport_index GL_ANGLE_texture_compression_dxt3 GL_ANGLE_texture_compression_dxt5 GL_ARB_ES2_compatibility GL_ARB_ES3_compatibility GL_ARB_arrays_of_arrays GL_ARB_base_instance GL_ARB_blend_func_extended GL_ARB_buffer_storage GL_ARB_clear_buffer_object GL_ARB_clear_texture GL_ARB_clip_control GL_ARB_compressed_texture_pixel_storage GL_ARB_compute_shader GL_ARB_compute_variable_group_size GL_ARB_conditional_render_inverted GL_ARB_conservative_depth GL_ARB_copy_buffer GL_ARB_copy_image GL_ARB_cull_distance GL_ARB_debug_output GL_ARB_depth_buffer_float GL_ARB_depth_clamp GL_ARB_derivative_control GL_ARB_direct_state_access GL_ARB_draw_buffers GL_ARB_draw_buffers_blend GL_ARB_draw_elements_base_vertex GL_ARB_draw_indir
ect GL_ARB_draw_instanced GL_ARB_enhanced_layouts GL_ARB_explicit_attrib_location GL_ARB_explicit_uniform_location GL_ARB_fragment_coord_conventions GL_ARB_fragment_layer_viewport GL_ARB_fragment_shader GL_ARB_framebuffer_no_attachments GL_ARB_framebuffer_object GL_ARB_framebuffer_sRGB GL_ARB_get_program_binary GL_ARB_get_texture_sub_image GL_ARB_gl_spirv GL_ARB_gpu_shader5 GL_ARB_gpu_shader_fp64 GL_ARB_half_float_pixel GL_ARB_half_float_vertex GL_ARB_indirect_parameters GL_ARB_instanced_arrays GL_ARB_internalformat_query GL_ARB_internalformat_query2 GL_ARB_invalidate_subdata GL_ARB_map_buffer_alignment GL_ARB_map_buffer_range GL_ARB_multi_bind GL_ARB_multi_draw_indirect GL_ARB_occlusion_query2 GL_ARB_parallel_shader_compile GL_ARB_pipeline_statistics_query GL_ARB_pixel_buffer_object GL_ARB_point_sprite GL_ARB_polygon_offset_clamp GL_ARB_program_interface_query GL_ARB_provoking_vertex GL_ARB_robustness GL_ARB_sample_shading GL_ARB_sampler_objects GL_ARB_seamless_cube_map GL_ARB_seamless_cubemap_per_texture G
L_ARB_separate_shader_objects GL_ARB_shader_atomic_counter_ops GL_ARB_shader_atomic_counters GL_ARB_shader_bit_encoding GL_ARB_shader_clock GL_ARB_shader_draw_parameters GL_ARB_shader_group_vote GL_ARB_shader_image_load_store GL_ARB_shader_image_size GL_ARB_shader_objects GL_ARB_shader_precision GL_ARB_shader_storage_buffer_object GL_ARB_shader_subroutine GL_ARB_shader_texture_image_samples GL_ARB_shader_texture_lod GL_ARB_shader_viewport_layer_array GL_ARB_shading_language_420pack GL_ARB_shading_language_include GL_ARB_shading_language_packing GL_ARB_spirv_extensions GL_ARB_sync GL_ARB_tessellation_shader GL_ARB_texture_barrier GL_ARB_texture_border_clamp GL_ARB_texture_buffer_object GL_ARB_texture_buffer_object_rgb32 GL_ARB_texture_buffer_range GL_ARB_texture_compression_bptc GL_ARB_texture_compression_rgtc GL_ARB_texture_cube_map_array GL_ARB_texture_filter_anisotropic GL_ARB_texture_float GL_ARB_texture_gather GL_ARB_texture_mirror_clamp_to_edge GL_ARB_texture_multisample GL_ARB_texture_non_power_of_two 
GL_ARB_texture_query_levels GL_ARB_texture_query_lod GL_ARB_texture_rectangle GL_ARB_texture_rg GL_ARB_texture_rgb10_a2ui GL_ARB_texture_storage GL_ARB_texture_storage_multisample GL_ARB_texture_swizzle GL_ARB_texture_view GL_ARB_timer_query GL_ARB_transform_feedback2 GL_ARB_transform_feedback3 GL_ARB_transform_feedback_instanced GL_ARB_transform_feedback_overflow_query GL_ARB_uniform_buffer_object GL_ARB_vertex_array_bgra GL_ARB_vertex_array_object GL_ARB_vertex_attrib_64bit GL_ARB_vertex_attrib_binding GL_ARB_vertex_buffer_object GL_ARB_vertex_shader GL_ARB_vertex_type_10f_11f_11f_rev GL_ARB_vertex_type_2_10_10_10_rev GL_ARB_viewport_array GL_ATI_blend_equation_separate GL_ATI_texture_float GL_EXT_EGL_image_storage GL_EXT_EGL_image_storage_compression GL_EXT_EGL_sync GL_EXT_abgr GL_EXT_blend_equation_separate GL_EXT_debug_label GL_EXT_demote_to_helper_invocation GL_EXT_draw_buffers2 GL_EXT_draw_instanced GL_EXT_framebuffer_blit GL_EXT_framebuffer_multisample GL_EXT_framebuffer_multisample_blit_scaled GL_EX
T_framebuffer_object GL_EXT_framebuffer_sRGB GL_EXT_memory_object GL_EXT_memory_object_fd GL_EXT_packed_depth_stencil GL_EXT_packed_float GL_EXT_pixel_buffer_object GL_EXT_polygon_offset_clamp GL_EXT_provoking_vertex GL_EXT_semaphore GL_EXT_semaphore_fd GL_EXT_shader_clock GL_EXT_shader_framebuffer_fetch_non_coherent GL_EXT_shader_integer_mix GL_EXT_shader_samples_identical GL_EXT_texture_array GL_EXT_texture_compression_dxt1 GL_EXT_texture_compression_rgtc GL_EXT_texture_compression_s3tc GL_EXT_texture_filter_anisotropic GL_EXT_texture_integer GL_EXT_texture_sRGB GL_EXT_texture_sRGB_R8 GL_EXT_texture_sRGB_decode GL_EXT_texture_shadow_lod GL_EXT_texture_shared_exponent GL_EXT_texture_snorm GL_EXT_texture_storage GL_EXT_texture_swizzle GL_EXT_timer_query GL_EXT_transform_feedback GL_EXT_vertex_array_bgra GL_EXT_vertex_attrib_64bit GL_IBM_multimode_draw_arrays GL_INTEL_blackhole_render GL_INTEL_performance_query GL_KHR_blend_equation_advanced GL_KHR_context_flush_control GL_KHR_debug GL_KHR_no_error GL_KHR_par
allel_shader_compile GL_KHR_texture_compression_astc_ldr GL_KHR_texture_compression_astc_sliced_3d GL_MESA_pack_invert GL_MESA_shader_integer_functions GL_MESA_texture_signed_rgba GL_NV_alpha_to_coverage_dither_control GL_NV_compute_shader_derivatives GL_NV_conditional_render GL_NV_copy_image GL_NV_depth_clamp GL_NV_packed_depth_stencil GL_NV_texture_barrier GL_OES_EGL_image GL_S3_s3tc
OPENGL LOG: Creating OpenGL 4.2 graphics device ; Context level  <OpenGL 4.2> ; Context handle 635106736
Initialize mono
Mono path[0] = '/home/turker/Unity/Hub/Editor/6000.5.9f1/Editor/Data/Managed'
Mono path[1] = '/home/turker/Unity/Hub/Editor/6000.5.9f1/Editor/Data/BCLExtensions/runtime/netstandard2.1'
Mono path[2] = '/home/turker/Unity/Hub/Editor/6000.5.9f1/Editor/Data/MonoBleedingEdge/lib/mono/unityjit-linux'
Mono config path = '/home/turker/Unity/Hub/Editor/6000.5.9f1/Editor/Data/MonoBleedingEdge/etc'
Using monoOptions --debugger-agent=transport=dt_socket,embedding=1,server=y,suspend=n,address=127.0.0.1:56746
CodeReloadManager initialized
ImportWorker Server TCP listen port: 0
AcceleratorClientConnectionCallback - disconnected - :0
Begin MonoManager ReloadAssembly
Registering precompiled unity dll's ...
[Licensing::Client] Successfully resolved entitlement details
Register platform support module: /home/turker/Unity/Hub/Editor/6000.5.9f1/Editor/Data/PlaybackEngines/AndroidPlayer/UnityEditor.Android.Extensions.dll
Register platform support module: /home/turker/Unity/Hub/Editor/6000.5.9f1/Editor/Data/PlaybackEngines/LinuxStandaloneSupport/UnityEditor.LinuxStandalone.Extensions.dll
Registered in 0,005995 seconds.
Native extension for LinuxStandalone target not found
Native extension for Android target not found
Package Manager log level set to [2]
[Licensing::Client] Successfully resolved entitlement details
ScheduleIndexationOnStartup MainProcess:False IndexOnStartup:False
Mono: successfully reloaded assembly
- Finished resetting the current domain, in  4,016 seconds
Domain Reload Profiling: 5221ms
	BeginReloadAssembly (204ms)
		CreateAndSetChildDomain (17ms)
	RebuildCommonClasses (11ms)
	RebuildNativeTypeToScriptingClass (39ms)
	initialDomainReloadingComplete (155ms)
	LoadAllAssembliesAndSetupDomain (792ms)
		LoadAssemblies (188ms)
		AnalyzeDomain (586ms)
			TypeCache.Refresh (584ms)
				TypeCache.ScanAssembly (547ms)
	FinalizeReload (4020ms)
		SetupLoadedEditorAssemblies (0ms)
			InitializePlatformSupportModulesInManaged (193ms)
			BeforeProcessingInitializeOnLoad (256ms)
			ProcessInitializeOnLoadAttributes (342ms)
			ProcessInitializeOnLoadMethodAttributes (3016ms)
[Licensing::Client] Successfully resolved entitlement details
Application.AssetDatabase Initial Refresh Start
Packages were changed.
Update Mode: updateDependencies

The following packages were added:
  com.unity.2d.sprite@1.0.0
  com.unity.2d.tilemap@1.0.0
  com.unity.analytics@3.8.2
  com.unity.collab-proxy@2.13.6
  com.unity.ide.rider@3.0.38
  com.unity.ide.visualstudio@2.0.26
  com.unity.modules.adaptiveperformance@1.0.0
  com.unity.modules.ai@1.0.0
  com.unity.modules.androidjni@1.0.0
  com.unity.modules.animation@1.0.0
  com.unity.modules.assetbundle@1.0.0
  com.unity.modules.audio@1.0.0
  com.unity.modules.cloth@1.0.0
  com.unity.modules.director@1.0.0
  com.unity.modules.imageconversion@1.0.0
  com.unity.modules.imgui@1.0.0
  com.unity.modules.jsonserialize@1.0.0
  com.unity.modules.particlesystem@1.0.0
  com.unity.modules.physics@1.0.0
  com.unity.modules.physics2d@1.0.0
  com.unity.modules.physicscore2d@1.0.0
  com.unity.modules.screencapture@1.0.0
  com.unity.modules.terrain@1.0.0
  com.unity.modules.terrainphysics@1.0.0
  com.unity.modules.tilemap@1.0.0
  com.unity.modules.ui@1.0.0
  com.unity.modules.uielements@1.0.0
  com.unity.modules.umbra@1.0.0
  com.unity.modules.unityanalytics@1.0.0
  com.unity.modules.unitywebrequest@1.0.0
  com.unity.modules.unitywebrequestassetbundle@1.0.0
  com.unity.modules.unitywebrequestaudio@1.0.0
  com.unity.modules.unitywebrequesttexture@1.0.0
  com.unity.modules.unitywebrequestwww@1.0.0
  com.unity.modules.vectorgraphics@1.0.0
  com.unity.modules.vehicles@1.0.0
  com.unity.modules.video@1.0.0
  com.unity.modules.wind@1.0.0
  com.unity.modules.xr@1.0.0
  com.unity.purchasing@4.15.1
  com.unity.test-framework@1.7.0
  com.unity.timeline@1.8.12
  com.unity.xr.legacyinputhelpers@3.0.1
  com.unity.ai.navigation@2.0.14
  com.unity.modules.accessibility@1.0.0
  com.unity.multiplayer.center@1.0.1
The following packages were updated:
  com.unity.inputsystem from version 1.8.2 to 1.20.0
  com.unity.ugui from version 2.0.0 to 2.5.0
  com.unity.burst from version 1.8.18 to 1.8.30
  com.unity.collections from version 2.5.1 to 6.5.0
  com.unity.mathematics from version 1.3.2 to 1.4.0
  com.unity.nuget.newtonsoft-json from version 3.2.1 to 3.2.2
The following packages were removed:
  com.unity.textmeshpro@3.2.0-pre.12
[Package Manager] Done resolving packages in 2,04 seconds
[Licensing::Client] Successfully resolved entitlement details
[Package Manager] Lock file was modified
[Package Manager] Registered 59 packages:
  Packages from [https://packages.unity.com]:
    com.unity.ai.navigation@2.0.14 (location: /home/turker/Documents/playground/ocean-battle-royale/Library/PackageCache/com.unity.ai.navigation@134dd6a3b97b)
    com.unity.analytics@3.8.2 (location: /home/turker/Documents/playground/ocean-battle-royale/Library/PackageCache/com.unity.analytics@c9d14a6bdec6)
    com.unity.burst@1.8.30 (location: /home/turker/Documents/playground/ocean-battle-royale/Library/PackageCache/com.unity.burst@2f3d916873ea)
    com.unity.collab-proxy@2.13.6 (location: /home/turker/Documents/playground/ocean-battle-royale/Library/PackageCache/com.unity.collab-proxy@4628d2ba6ea4)
    com.unity.ide.rider@3.0.38 (location: /home/turker/Documents/playground/ocean-battle-royale/Library/PackageCache/com.unity.ide.rider@1f60b3138684)
    com.unity.ide.visualstudio@2.0.26 (location: /home/turker/Documents/playground/ocean-battle-royale/Library/PackageCache/com.unity.ide.visualstudio@a99d56dec63f)
    com.unity.inputsystem@1.20.0 (location: /home/turker/Documents/playground/ocean-battle-royale/Library/PackageCache/com.unity.inputsystem@7a4e1a2a8194)
    com.unity.nuget.newtonsoft-json@3.2.2 (location: /home/turker/Documents/playground/ocean-battle-royale/Library/PackageCache/com.unity.nuget.newtonsoft-json@4dfd81071c64)
    com.unity.purchasing@4.15.1 (location: /home/turker/Documents/playground/ocean-battle-royale/Library/PackageCache/com.unity.purchasing@265595791a69)
    com.unity.timeline@1.8.12 (location: /home/turker/Documents/playground/ocean-battle-royale/Library/PackageCache/com.unity.timeline@8cd8509afae5)
    com.unity.xr.legacyinputhelpers@3.0.1 (location: /home/turker/Documents/playground/ocean-battle-royale/Library/PackageCache/com.unity.xr.legacyinputhelpers@3f62d634f63b)
    com.unity.services.core@1.18.0 (location: /home/turker/Documents/playground/ocean-battle-royale/Library/PackageCache/com.unity.services.core@3464cb68d709)
    com.unity.nuget.mono-cecil@1.11.6 (location: /home/turker/Documents/playground/ocean-battle-royale/Library/PackageCache/com.unity.nuget.mono-cecil@ecb9724e46ff)
    com.unity.test-framework.performance@3.5.0 (location: /home/turker/Documents/playground/ocean-battle-royale/Library/PackageCache/com.unity.test-framework.performance@8b56083ec0f0)
    com.unity.services.analytics@6.3.0 (location: /home/turker/Documents/playground/ocean-battle-royale/Library/PackageCache/com.unity.services.analytics@cde4e6cf92f9)
  Built-in packages:
    com.unity.2d.sprite@1.0.0 (location: /home/turker/Documents/playground/ocean-battle-royale/Library/PackageCache/com.unity.2d.sprite@d43791c37639)
    com.unity.2d.tilemap@1.0.0 (location: /home/turker/Documents/playground/ocean-battle-royale/Library/PackageCache/com.unity.2d.tilemap@b2e842def0b1)
    com.unity.collections@6.5.0 (location: /home/turker/Documents/playground/ocean-battle-royale/Library/PackageCache/com.unity.collections@c461d9198d5e)
    com.unity.mathematics@1.4.0 (location: /home/turker/Documents/playground/ocean-battle-royale/Library/PackageCache/com.unity.mathematics@bdc7f308708c)
    com.unity.multiplayer.center@1.0.1 (location: /home/turker/Documents/playground/ocean-battle-royale/Library/PackageCache/com.unity.multiplayer.center@095ed72d0927)
    com.unity.test-framework@1.7.0 (location: /home/turker/Documents/playground/ocean-battle-royale/Library/PackageCache/com.unity.test-framework@773a3a4953ad)
    com.unity.ugui@2.5.0 (location: /home/turker/Documents/playground/ocean-battle-royale/Library/PackageCache/com.unity.ugui@241bd5dd93e7)
    com.unity.modules.accessibility@1.0.0 (location: /home/turker/Documents/playground/ocean-battle-royale/Library/PackageCache/com.unity.modules.accessibility)
    com.unity.modules.adaptiveperformance@1.0.0 (location: /home/turker/Documents/playground/ocean-battle-royale/Library/PackageCache/com.unity.modules.adaptiveperformance)
    com.unity.modules.ai@1.0.0 (location: /home/turker/Documents/playground/ocean-battle-royale/Library/PackageCache/com.unity.modules.ai)
    com.unity.modules.androidjni@1.0.0 (location: /home/turker/Documents/playground/ocean-battle-royale/Library/PackageCache/com.unity.modules.androidjni)
    com.unity.modules.animation@1.0.0 (location: /home/turker/Documents/playground/ocean-battle-royale/Library/PackageCache/com.unity.modules.animation)
    com.unity.modules.assetbundle@1.0.0 (location: /home/turker/Documents/playground/ocean-battle-royale/Library/PackageCache/com.unity.modules.assetbundle)
    com.unity.modules.audio@1.0.0 (location: /home/turker/Documents/playground/ocean-battle-royale/Library/PackageCache/com.unity.modules.audio)
    com.unity.modules.cloth@1.0.0 (location: /home/turker/Documents/playground/ocean-battle-royale/Library/PackageCache/com.unity.modules.cloth)
    com.unity.modules.director@1.0.0 (location: /home/turker/Documents/playground/ocean-battle-royale/Library/PackageCache/com.unity.modules.director)
    com.unity.modules.imageconversion@1.0.0 (location: /home/turker/Documents/playground/ocean-battle-royale/Library/PackageCache/com.unity.modules.imageconversion)
    com.unity.modules.imgui@1.0.0 (location: /home/turker/Documents/playground/ocean-battle-royale/Library/PackageCache/com.unity.modules.imgui)
    com.unity.modules.jsonserialize@1.0.0 (location: /home/turker/Documents/playground/ocean-battle-royale/Library/PackageCache/com.unity.modules.jsonserialize)
    com.unity.modules.particlesystem@1.0.0 (location: /home/turker/Documents/playground/ocean-battle-royale/Library/PackageCache/com.unity.modules.particlesystem)
    com.unity.modules.physics@1.0.0 (location: /home/turker/Documents/playground/ocean-battle-royale/Library/PackageCache/com.unity.modules.physics)
    com.unity.modules.physics2d@1.0.0 (location: /home/turker/Documents/playground/ocean-battle-royale/Library/PackageCache/com.unity.modules.physics2d)
    com.unity.modules.physicscore2d@1.0.0 (location: /home/turker/Documents/playground/ocean-battle-royale/Library/PackageCache/com.unity.modules.physicscore2d)
    com.unity.modules.screencapture@1.0.0 (location: /home/turker/Documents/playground/ocean-battle-royale/Library/PackageCache/com.unity.modules.screencapture)
    com.unity.modules.terrain@1.0.0 (location: /home/turker/Documents/playground/ocean-battle-royale/Library/PackageCache/com.unity.modules.terrain)
    com.unity.modules.terrainphysics@1.0.0 (location: /home/turker/Documents/playground/ocean-battle-royale/Library/PackageCache/com.unity.modules.terrainphysics)
    com.unity.modules.tilemap@1.0.0 (location: /home/turker/Documents/playground/ocean-battle-royale/Library/PackageCache/com.unity.modules.tilemap)
    com.unity.modules.ui@1.0.0 (location: /home/turker/Documents/playground/ocean-battle-royale/Library/PackageCache/com.unity.modules.ui)
    com.unity.modules.uielements@1.0.0 (location: /home/turker/Documents/playground/ocean-battle-royale/Library/PackageCache/com.unity.modules.uielements)
    com.unity.modules.umbra@1.0.0 (location: /home/turker/Documents/playground/ocean-battle-royale/Library/PackageCache/com.unity.modules.umbra)
    com.unity.modules.unityanalytics@1.0.0 (location: /home/turker/Documents/playground/ocean-battle-royale/Library/PackageCache/com.unity.modules.unityanalytics)
    com.unity.modules.unitywebrequest@1.0.0 (location: /home/turker/Documents/playground/ocean-battle-royale/Library/PackageCache/com.unity.modules.unitywebrequest)
    com.unity.modules.unitywebrequestassetbundle@1.0.0 (location: /home/turker/Documents/playground/ocean-battle-royale/Library/PackageCache/com.unity.modules.unitywebrequestassetbundle)
    com.unity.modules.unitywebrequestaudio@1.0.0 (location: /home/turker/Documents/playground/ocean-battle-royale/Library/PackageCache/com.unity.modules.unitywebrequestaudio)
    com.unity.modules.unitywebrequesttexture@1.0.0 (location: /home/turker/Documents/playground/ocean-battle-royale/Library/PackageCache/com.unity.modules.unitywebrequesttexture)
    com.unity.modules.unitywebrequestwww@1.0.0 (location: /home/turker/Documents/playground/ocean-battle-royale/Library/PackageCache/com.unity.modules.unitywebrequestwww)
    com.unity.modules.vectorgraphics@1.0.0 (location: /home/turker/Documents/playground/ocean-battle-royale/Library/PackageCache/com.unity.modules.vectorgraphics)
    com.unity.modules.vehicles@1.0.0 (location: /home/turker/Documents/playground/ocean-battle-royale/Library/PackageCache/com.unity.modules.vehicles)
    com.unity.modules.video@1.0.0 (location: /home/turker/Documents/playground/ocean-battle-royale/Library/PackageCache/com.unity.modules.video)
    com.unity.modules.wind@1.0.0 (location: /home/turker/Documents/playground/ocean-battle-royale/Library/PackageCache/com.unity.modules.wind)
    com.unity.modules.xr@1.0.0 (location: /home/turker/Documents/playground/ocean-battle-royale/Library/PackageCache/com.unity.modules.xr)
    com.unity.modules.subsystems@1.0.0 (location: /home/turker/Documents/playground/ocean-battle-royale/Library/PackageCache/com.unity.modules.subsystems)
    com.unity.modules.hierarchycore@1.0.0 (location: /home/turker/Documents/playground/ocean-battle-royale/Library/PackageCache/com.unity.modules.hierarchycore)
    com.unity.ext.nunit@2.1.0 (location: /home/turker/Documents/playground/ocean-battle-royale/Library/PackageCache/com.unity.ext.nunit@9054f8d1d690)
[Package Manager] com.unity.purchasing@4.15.1 is deprecated: Unity IAP 4 is unsupported as of June 8, 2026. IAP 5 is the supported version going forward.
[Subsystems] No new subsystems found in resolved package list.
[Package Manager] Done registering packages in 0,01 seconds
AcceleratorClientConnectionCallback - disconnected - :0
[Licensing::Client] Successfully resolved entitlement details
[Licensing::Client] Successfully resolved entitlement details
[Licensing::Client] Successfully resolved entitlement details
Filename: /home/turker/Unity/Hub/Editor/6000.5.9f1/Editor/Data/DotNetSdk/dotnet
Arguments: "/home/turker/Unity/Hub/Editor/6000.5.9f1/Editor/Data/Tools/BuildPipeline/Compilation/ApiUpdater/AssemblyUpdater.dll" checkupdaterconfigs -a "/home/turker/Documents/playground/ocean-battle-royale/Library/PackageCache/com.unity.analytics@c9d14a6bdec6/Unity.Analytics.Editor.dll" --timestamp 639230172499076680  -s "/home/turker/Unity/Hub/Editor/6000.5.9f1/Editor/Data/NetStandard/ref/2.1.0:/home/turker/Unity/Hub/Editor/6000.5.9f1/Editor/Data/NetStandard/compat/2.1.0/shims/netstandard:/home/turker/Unity/Hub/Editor/6000.5.9f1/Editor/Data/NetStandard/compat/2.1.0/shims/netfx:+/home/turker/Documents/playground/ocean-battle-royale/Assets:+/home/turker/Documents/playground/ocean-battle-royale/Library/PackageCache/com.unity.2d.sprite@d43791c37639:+/home/turker/Documents/playground/ocean-battle-royale/Library/PackageCache/com.unity.2d.tilemap@b2e842def0b1:+/home/turker/Documents/playground/ocean-battle-royale/Library/PackageCache/com.unity.ai.navigation@134dd6a3b97b:+/home/turker/Documents/playground/ocean-battle-royale/Library/PackageCache/com.unity.analytics@c9d14a6bdec6:+/home/turker/Documents/playground/ocean-battle-royale/Library/PackageCache/com.unity.burst@2f3d916873ea:+/home/turker/Documents/playground/ocean-battle-royale/Library/PackageCache/com.unity.collab-proxy@4628d2ba6ea4:+/home/turker/Documents/playground/ocean-battle-royale/Library/PackageCache/com.unity.collections@c461d9198d5e:+/home/turker/Documents/playground/ocean-battle-royale/Library/PackageCache/com.unity.ide.rider@1f60b3138684:+/home/turker/Documents/playground/ocean-battle-royale/Library/PackageCache/com.unity.ide.visualstudio@a99d56dec63f:+/home/turker/Documents/playground/ocean-battle-royale/Library/PackageCache/com.unity.inputsystem@7a4e1a2a8194:+/home/turker/Documents/playground/ocean-battle-royale/Library/PackageCache/com.unity.mathematics@bdc7f308708c:+/home/turker/Documents/playground/ocean-battle-royale/Library/PackageCache/com.unity.multiplayer.center@095ed72d0927:+/home/turker/Documents/playground/ocean-battle-royale/Library/PackageCache/com.unity.nuget.newtonsoft-json@4dfd81071c64:+/home/turker/Documents/playground/ocean-battle-royale/Library/PackageCache/com.unity.purchasing@265595791a69:+/home/turker/Documents/playground/ocean-battle-royale/Library/PackageCache/com.unity.test-framework@773a3a4953ad:+/home/turker/Documents/playground/ocean-battle-royale/Library/PackageCache/com.unity.timeline@8cd8509afae5:+/home/turker/Documents/playground/ocean-battle-royale/Library/PackageCache/com.unity.ugui@241bd5dd93e7:+/home/turker/Documents/playground/ocean-battle-royale/Library/PackageCache/com.unity.xr.legacyinputhelpers@3f62d634f63b:+/home/turker/Documents/playground/ocean-battle-royale/Library/PackageCache/com.unity.modules.accessibility:+/home/turker/Documents/playground/ocean-battle-royale/Library/PackageCache/com.unity.modules.adaptiveperformance:+/home/turker/Documents/playground/ocean-battle-royale/Library/PackageCache/com.unity.modules.ai:+/home/turker/Documents/playground/ocean-battle-royale/Library/PackageCache/com.unity.modules.androidjni:+/home/turker/Documents/playground/ocean-battle-royale/Library/PackageCache/com.unity.modules.animation:+/home/turker/Documents/playground/ocean-battle-royale/Library/PackageCache/com.unity.modules.assetbundle:+/home/turker/Documents/playground/ocean-battle-royale/Library/PackageCache/com.unity.modules.audio:+/home/turker/Documents/playground/ocean-battle-royale/Library/PackageCache/com.unity.modules.cloth:+/home/turker/Documents/playground/ocean-battle-royale/Library/PackageCache/com.unity.modules.director:+/home/turker/Documents/playground/ocean-battle-royale/Library/PackageCache/com.unity.modules.imageconversion:+/home/turker/Documents/playground/ocean-battle-royale/Library/PackageCache/com.unity.modules.imgui:+/home/turker/Documents/playground/ocean-battle-royale/Library/PackageCache/com.unity.modules.jsonserialize:+/home/turker/Documents/playground/ocean-battle-royale/Library/PackageCache/com.unity.modules.particlesystem:+/home/turker/Documents/playground/ocean-battle-royale/Library/PackageCache/com.unity.modules.physics:+/home/turker/Documents/playground/ocean-battle-royale/Library/PackageCache/com.unity.modules.physics2d:+/home/turker/Documents/playground/ocean-battle-royale/Library/PackageCache/com.unity.modules.physicscore2d:+/home/turker/Documents/playground/ocean-battle-royale/Library/PackageCache/com.unity.modules.screencapture:+/home/turker/Documents/playground/ocean-battle-royale/Library/PackageCache/com.unity.modules.terrain:+/home/turker/Documents/playground/ocean-battle-royale/Library/PackageCache/com.unity.modules.terrainphysics:+/home/turker/Documents/playground/ocean-battle-royale/Library/PackageCache/com.unity.modules.tilemap:+/home/turker/Documents/playground/ocean-battle-royale/Library/PackageCache/com.unity.modules.ui:+/home/turker/Documents/playground/ocean-battle-royale/Library/PackageCache/com.unity.modules.uielements:+/home/turker/Documents/playground/ocean-battle-royale/Library/PackageCache/com.unity.modules.umbra:+/home/turker/Documents/playground/ocean-battle-royale/Library/PackageCache/com.unity.modules.unityanalytics:+/home/turker/Documents/playground/ocean-battle-royale/Library/PackageCache/com.unity.modules.unitywebrequest:+/home/turker/Documents/playground/ocean-battle-royale/Library/PackageCache/com.unity.modules.unitywebrequestassetbundle:+/home/turker/Documents/playground/ocean-battle-royale/Library/PackageCache/com.unity.modules.unitywebrequestaudio:+/home/turker/Documents/playground/ocean-battle-royale/Library/PackageCache/com.unity.modules.unitywebrequesttexture:+/home/turker/Documents/playground/ocean-battle-royale/Library/PackageCache/com.unity.modules.unitywebrequestwww:+/home/turker/Documents/playground/ocean-battle-royale/Library/PackageCache/com.unity.modules.vectorgraphics:+/home/turker/Documents/playground/ocean-battle-royale/Library/PackageCache/com.unity.modules.vehicles:+/home/turker/Documents/playground/ocean-battle-royale/Library/PackageCache/com.unity.modules.video:+/home/turker/Documents/playground/ocean-battle-royale/Library/PackageCache/com.unity.modules.wind:+/home/turker/Documents/playground/ocean-battle-royale/Library/PackageCache/com.unity.modules.xr:+/home/turker/Documents/playground/ocean-battle-royale/Library/PackageCache/com.unity.modules.subsystems:+/home/turker/Documents/playground/ocean-battle-royale/Library/PackageCache/com.unity.modules.hierarchycore:+/home/turker/Documents/playground/ocean-battle-royale/Library/PackageCache/com.unity.ext.nunit@9054f8d1d690:+/home/turker/Documents/playground/ocean-battle-royale/Library/PackageCache/com.unity.services.core@3464cb68d709:+/home/turker/Documents/playground/ocean-battle-royale/Library/PackageCache/com.unity.nuget.mono-cecil@ecb9724e46ff:+/home/turker/Documents/playground/ocean-battle-royale/Library/PackageCache/com.unity.test-framework.performance@8b56083ec0f0:+/home/turker/Documents/playground/ocean-battle-royale/Library/PackageCache/com.unity.services.analytics@cde4e6cf92f9:Library/ScriptAssemblies"
Filename: /home/turker/Unity/Hub/Editor/6000.5.9f1/Editor/Data/DotNetSdk/dotnet
Arguments: "/home/turker/Unity/Hub/Editor/6000.5.9f1/Editor/Data/Tools/BuildPipeline/Compilation/ApiUpdater/AssemblyUpdater.dll" checkupdaterconfigs -a "/home/turker/Documents/playground/ocean-battle-royale/Library/PackageCache/com.unity.analytics@c9d14a6bdec6/Unity.Analytics.Tracker.dll" --timestamp 639230172493253100  -s "/home/turker/Unity/Hub/Editor/6000.5.9f1/Editor/Data/NetStandard/ref/2.1.0:/home/turker/Unity/Hub/Editor/6000.5.9f1/Editor/Data/NetStandard/compat/2.1.0/shims/netstandard:/home/turker/Unity/Hub/Editor/6000.5.9f1/Editor/Data/NetStandard/compat/2.1.0/shims/netfx:+/home/turker/Documents/playground/ocean-battle-royale/Assets:+/home/turker/Documents/playground/ocean-battle-royale/Library/PackageCache/com.unity.2d.sprite@d43791c37639:+/home/turker/Documents/playground/ocean-battle-royale/Library/PackageCache/com.unity.2d.tilemap@b2e842def0b1:+/home/turker/Documents/playground/ocean-battle-royale/Library/PackageCache/com.unity.ai.navigation@134dd6a3b97b:+/home/turker/Documents/playground/ocean-battle-royale/Library/PackageCache/com.unity.analytics@c9d14a6bdec6:+/home/turker/Documents/playground/ocean-battle-royale/Library/PackageCache/com.unity.burst@2f3d916873ea:+/home/turker/Documents/playground/ocean-battle-royale/Library/PackageCache/com.unity.collab-proxy@4628d2ba6ea4:+/home/turker/Documents/playground/ocean-battle-royale/Library/PackageCache/com.unity.collections@c461d9198d5e:+/home/turker/Documents/playground/ocean-battle-royale/Library/PackageCache/com.unity.ide.rider@1f60b3138684:+/home/turker/Documents/playground/ocean-battle-royale/Library/PackageCache/com.unity.ide.visualstudio@a99d56dec63f:+/home/turker/Documents/playground/ocean-battle-royale/Library/PackageCache/com.unity.inputsystem@7a4e1a2a8194:+/home/turker/Documents/playground/ocean-battle-royale/Library/PackageCache/com.unity.mathematics@bdc7f308708c:+/home/turker/Documents/playground/ocean-battle-royale/Library/PackageCache/com.unity.multiplayer.center@095ed72d0927:+/home/turker/Documents/playground/ocean-battle-royale/Library/PackageCache/com.unity.nuget.newtonsoft-json@4dfd81071c64:+/home/turker/Documents/playground/ocean-battle-royale/Library/PackageCache/com.unity.purchasing@265595791a69:+/home/turker/Documents/playground/ocean-battle-royale/Library/PackageCache/com.unity.test-framework@773a3a4953ad:+/home/turker/Documents/playground/ocean-battle-royale/Library/PackageCache/com.unity.timeline@8cd8509afae5:+/home/turker/Documents/playground/ocean-battle-royale/Library/PackageCache/com.unity.ugui@241bd5dd93e7:+/home/turker/Documents/playground/ocean-battle-royale/Library/PackageCache/com.unity.xr.legacyinputhelpers@3f62d634f63b:+/home/turker/Documents/playground/ocean-battle-royale/Library/PackageCache/com.unity.modules.accessibility:+/home/turker/Documents/playground/ocean-battle-royale/Library/PackageCache/com.unity.modules.adaptiveperformance:+/home/turker/Documents/playground/ocean-battle-royale/Library/PackageCache/com.unity.modules.ai:+/home/turker/Documents/playground/ocean-battle-royale/Library/PackageCache/com.unity.modules.androidjni:+/home/turker/Documents/playground/ocean-battle-royale/Library/PackageCache/com.unity.modules.animation:+/home/turker/Documents/playground/ocean-battle-royale/Library/PackageCache/com.unity.modules.assetbundle:+/home/turker/Documents/playground/ocean-battle-royale/Library/PackageCache/com.unity.modules.audio:+/home/turker/Documents/playground/ocean-battle-royale/Library/PackageCache/com.unity.modules.cloth:+/home/turker/Documents/playground/ocean-battle-royale/Library/PackageCache/com.unity.modules.director:+/home/turker/Documents/playground/ocean-battle-royale/Library/PackageCache/com.unity.modules.imageconversion:+/home/turker/Documents/playground/ocean-battle-royale/Library/PackageCache/com.unity.modules.imgui:+/home/turker/Documents/playground/ocean-battle-royale/Library/PackageCache/com.unity.modules.jsonserialize:+/home/turker/Documents/playground/ocean-battle-royale/Library/PackageCache/com.unity.modules.particlesystem:+/home/turker/Documents/playground/ocean-battle-royale/Library/PackageCache/com.unity.modules.physics:+/home/turker/Documents/playground/ocean-battle-royale/Library/PackageCache/com.unity.modules.physics2d:+/home/turker/Documents/playground/ocean-battle-royale/Library/PackageCache/com.unity.modules.physicscore2d:+/home/turker/Documents/playground/ocean-battle-royale/Library/PackageCache/com.unity.modules.screencapture:+/home/turker/Documents/playground/ocean-battle-royale/Library/PackageCache/com.unity.modules.terrain:+/home/turker/Documents/playground/ocean-battle-royale/Library/PackageCache/com.unity.modules.terrainphysics:+/home/turker/Documents/playground/ocean-battle-royale/Library/PackageCache/com.unity.modules.tilemap:+/home/turker/Documents/playground/ocean-battle-royale/Library/PackageCache/com.unity.modules.ui:+/home/turker/Documents/playground/ocean-battle-royale/Library/PackageCache/com.unity.modules.uielements:+/home/turker/Documents/playground/ocean-battle-royale/Library/PackageCache/com.unity.modules.umbra:+/home/turker/Documents/playground/ocean-battle-royale/Library/PackageCache/com.unity.modules.unityanalytics:+/home/turker/Documents/playground/ocean-battle-royale/Library/PackageCache/com.unity.modules.unitywebrequest:+/home/turker/Documents/playground/ocean-battle-royale/Library/PackageCache/com.unity.modules.unitywebrequestassetbundle:+/home/turker/Documents/playground/ocean-battle-royale/Library/PackageCache/com.unity.modules.unitywebrequestaudio:+/home/turker/Documents/playground/ocean-battle-royale/Library/PackageCache/com.unity.modules.unitywebrequesttexture:+/home/turker/Documents/playground/ocean-battle-royale/Library/PackageCache/com.unity.modules.unitywebrequestwww:+/home/turker/Documents/playground/ocean-battle-royale/Library/PackageCache/com.unity.modules.vectorgraphics:+/home/turker/Documents/playground/ocean-battle-royale/Library/PackageCache/com.unity.modules.vehicles:+/home/turker/Documents/playground/ocean-battle-royale/Library/PackageCache/com.unity.modules.video:+/home/turker/Documents/playground/ocean-battle-royale/Library/PackageCache/com.unity.modules.wind:+/home/turker/Documents/playground/ocean-battle-royale/Library/PackageCache/com.unity.modules.xr:+/home/turker/Documents/playground/ocean-battle-royale/Library/PackageCache/com.unity.modules.subsystems:+/home/turker/Documents/playground/ocean-battle-royale/Library/PackageCache/com.unity.modules.hierarchycore:+/home/turker/Documents/playground/ocean-battle-royale/Library/PackageCache/com.unity.ext.nunit@9054f8d1d690:+/home/turker/Documents/playground/ocean-battle-royale/Library/PackageCache/com.unity.services.core@3464cb68d709:+/home/turker/Documents/playground/ocean-battle-royale/Library/PackageCache/com.unity.nuget.mono-cecil@ecb9724e46ff:+/home/turker/Documents/playground/ocean-battle-royale/Library/PackageCache/com.unity.test-framework.performance@8b56083ec0f0:+/home/turker/Documents/playground/ocean-battle-royale/Library/PackageCache/com.unity.services.analytics@cde4e6cf92f9:Library/ScriptAssemblies"
Filename: /home/turker/Unity/Hub/Editor/6000.5.9f1/Editor/Data/DotNetSdk/dotnet
Arguments: "/home/turker/Unity/Hub/Editor/6000.5.9f1/Editor/Data/Tools/BuildPipeline/Compilation/ApiUpdater/AssemblyUpdater.dll" checkupdaterconfigs -a "/home/turker/Documents/playground/ocean-battle-royale/Library/PackageCache/com.unity.analytics@c9d14a6bdec6/AnalyticsStandardEvents/Unity.Analytics.StandardEvents.dll" --timestamp 639230172486935870  -s "/home/turker/Unity/Hub/Editor/6000.5.9f1/Editor/Data/NetStandard/ref/2.1.0:/home/turker/Unity/Hub/Editor/6000.5.9f1/Editor/Data/NetStandard/compat/2.1.0/shims/netstandard:/home/turker/Unity/Hub/Editor/6000.5.9f1/Editor/Data/NetStandard/compat/2.1.0/shims/netfx:+/home/turker/Documents/playground/ocean-battle-royale/Assets:+/home/turker/Documents/playground/ocean-battle-royale/Library/PackageCache/com.unity.2d.sprite@d43791c37639:+/home/turker/Documents/playground/ocean-battle-royale/Library/PackageCache/com.unity.2d.tilemap@b2e842def0b1:+/home/turker/Documents/playground/ocean-battle-royale/Library/PackageCache/com.unity.ai.navigation@134dd6a3b97b:+/home/turker/Documents/playground/ocean-battle-royale/Library/PackageCache/com.unity.analytics@c9d14a6bdec6:+/home/turker/Documents/playground/ocean-battle-royale/Library/PackageCache/com.unity.burst@2f3d916873ea:+/home/turker/Documents/playground/ocean-battle-royale/Library/PackageCache/com.unity.collab-proxy@4628d2ba6ea4:+/home/turker/Documents/playground/ocean-battle-royale/Library/PackageCache/com.unity.collections@c461d9198d5e:+/home/turker/Documents/playground/ocean-battle-royale/Library/PackageCache/com.unity.ide.rider@1f60b3138684:+/home/turker/Documents/playground/ocean-battle-royale/Library/PackageCache/com.unity.ide.visualstudio@a99d56dec63f:+/home/turker/Documents/playground/ocean-battle-royale/Library/PackageCache/com.unity.inputsystem@7a4e1a2a8194:+/home/turker/Documents/playground/ocean-battle-royale/Library/PackageCache/com.unity.mathematics@bdc7f308708c:+/home/turker/Documents/playground/ocean-battle-royale/Library/PackageCache/com.unity.multiplayer.center@095ed72d0927:+/home/turker/Documents/playground/ocean-battle-royale/Library/PackageCache/com.unity.nuget.newtonsoft-json@4dfd81071c64:+/home/turker/Documents/playground/ocean-battle-royale/Library/PackageCache/com.unity.purchasing@265595791a69:+/home/turker/Documents/playground/ocean-battle-royale/Library/PackageCache/com.unity.test-framework@773a3a4953ad:+/home/turker/Documents/playground/ocean-battle-royale/Library/PackageCache/com.unity.timeline@8cd8509afae5:+/home/turker/Documents/playground/ocean-battle-royale/Library/PackageCache/com.unity.ugui@241bd5dd93e7:+/home/turker/Documents/playground/ocean-battle-royale/Library/PackageCache/com.unity.xr.legacyinputhelpers@3f62d634f63b:+/home/turker/Documents/playground/ocean-battle-royale/Library/PackageCache/com.unity.modules.accessibility:+/home/turker/Documents/playground/ocean-battle-royale/Library/PackageCache/com.unity.modules.adaptiveperformance:+/home/turker/Documents/playground/ocean-battle-royale/Library/PackageCache/com.unity.modules.ai:+/home/turker/Documents/playground/ocean-battle-royale/Library/PackageCache/com.unity.modules.androidjni:+/home/turker/Documents/playground/ocean-battle-royale/Library/PackageCache/com.unity.modules.animation:+/home/turker/Documents/playground/ocean-battle-royale/Library/PackageCache/com.unity.modules.assetbundle:+/home/turker/Documents/playground/ocean-battle-royale/Library/PackageCache/com.unity.modules.audio:+/home/turker/Documents/playground/ocean-battle-royale/Library/PackageCache/com.unity.modules.cloth:+/home/turker/Documents/playground/ocean-battle-royale/Library/PackageCache/com.unity.modules.director:+/home/turker/Documents/playground/ocean-battle-royale/Library/PackageCache/com.unity.modules.imageconversion:+/home/turker/Documents/playground/ocean-battle-royale/Library/PackageCache/com.unity.modules.imgui:+/home/turker/Documents/playground/ocean-battle-royale/Library/PackageCache/com.unity.modules.jsonserialize:+/home/turker/Documents/playground/ocean-battle-royale/Library/PackageCache/com.unity.modules.particlesystem:+/home/turker/Documents/playground/ocean-battle-royale/Library/PackageCache/com.unity.modules.physics:+/home/turker/Documents/playground/ocean-battle-royale/Library/PackageCache/com.unity.modules.physics2d:+/home/turker/Documents/playground/ocean-battle-royale/Library/PackageCache/com.unity.modules.physicscore2d:+/home/turker/Documents/playground/ocean-battle-royale/Library/PackageCache/com.unity.modules.screencapture:+/home/turker/Documents/playground/ocean-battle-royale/Library/PackageCache/com.unity.modules.terrain:+/home/turker/Documents/playground/ocean-battle-royale/Library/PackageCache/com.unity.modules.terrainphysics:+/home/turker/Documents/playground/ocean-battle-royale/Library/PackageCache/com.unity.modules.tilemap:+/home/turker/Documents/playground/ocean-battle-royale/Library/PackageCache/com.unity.modules.ui:+/home/turker/Documents/playground/ocean-battle-royale/Library/PackageCache/com.unity.modules.uielements:+/home/turker/Documents/playground/ocean-battle-royale/Library/PackageCache/com.unity.modules.umbra:+/home/turker/Documents/playground/ocean-battle-royale/Library/PackageCache/com.unity.modules.unityanalytics:+/home/turker/Documents/playground/ocean-battle-royale/Library/PackageCache/com.unity.modules.unitywebrequest:+/home/turker/Documents/playground/ocean-battle-royale/Library/PackageCache/com.unity.modules.unitywebrequestassetbundle:+/home/turker/Documents/playground/ocean-battle-royale/Library/PackageCache/com.unity.modules.unitywebrequestaudio:+/home/turker/Documents/playground/ocean-battle-royale/Library/PackageCache/com.unity.modules.unitywebrequesttexture:+/home/turker/Documents/playground/ocean-battle-royale/Library/PackageCache/com.unity.modules.unitywebrequestwww:+/home/turker/Documents/playground/ocean-battle-royale/Library/PackageCache/com.unity.modules.vectorgraphics:+/home/turker/Documents/playground/ocean-battle-royale/Library/PackageCache/com.unity.modules.vehicles:+/home/turker/Documents/playground/ocean-battle-royale/Library/PackageCache/com.unity.modules.video:+/home/turker/Documents/playground/ocean-battle-royale/Library/PackageCache/com.unity.modules.wind:+/home/turker/Documents/playground/ocean-battle-royale/Library/PackageCache/com.unity.modules.xr:+/home/turker/Documents/playground/ocean-battle-royale/Library/PackageCache/com.unity.modules.subsystems:+/home/turker/Documents/playground/ocean-battle-royale/Library/PackageCache/com.unity.modules.hierarchycore:+/home/turker/Documents/playground/ocean-battle-royale/Library/PackageCache/com.unity.ext.nunit@9054f8d1d690:+/home/turker/Documents/playground/ocean-battle-royale/Library/PackageCache/com.unity.services.core@3464cb68d709:+/home/turker/Documents/playground/ocean-battle-royale/Library/PackageCache/com.unity.nuget.mono-cecil@ecb9724e46ff:+/home/turker/Documents/playground/ocean-battle-royale/Library/PackageCache/com.unity.test-framework.performance@8b56083ec0f0:+/home/turker/Documents/playground/ocean-battle-royale/Library/PackageCache/com.unity.services.analytics@cde4e6cf92f9:Library/ScriptAssemblies"
[API Updater] Processing imported assemblies took 3137 ms (3/3 assembly(ies)).
[Licensing::Client] Successfully resolved entitlement details
[Licensing::Client] Successfully resolved entitlement details
[Licensing::Client] Successfully resolved entitlement details
Filename: /home/turker/Unity/Hub/Editor/6000.5.9f1/Editor/Data/DotNetSdk/dotnet
Arguments: "/home/turker/Unity/Hub/Editor/6000.5.9f1/Editor/Data/Tools/BuildPipeline/Compilation/ApiUpdater/AssemblyUpdater.dll" update -a "/home/turker/Documents/playground/ocean-battle-royale/Library/PackageCache/com.unity.analytics@c9d14a6bdec6/AnalyticsStandardEvents/Unity.Analytics.StandardEvents.dll" --output "/tmp/tmp52523629.tmp" --api-version 6000.5.9f1  -s "/home/turker/Unity/Hub/Editor/6000.5.9f1/Editor/Data/NetStandard/ref/2.1.0:/home/turker/Unity/Hub/Editor/6000.5.9f1/Editor/Data/NetStandard/compat/2.1.0/shims/netstandard:/home/turker/Unity/Hub/Editor/6000.5.9f1/Editor/Data/NetStandard/compat/2.1.0/shims/netfx:+/home/turker/Documents/playground/ocean-battle-royale/Assets:+/home/turker/Documents/playground/ocean-battle-royale/Library/PackageCache/com.unity.2d.sprite@d43791c37639:+/home/turker/Documents/playground/ocean-battle-royale/Library/PackageCache/com.unity.2d.tilemap@b2e842def0b1:+/home/turker/Documents/playground/ocean-battle-royale/Library/PackageCache/com.unity.ai.navigation@134dd6a3b97b:+/home/turker/Documents/playground/ocean-battle-royale/Library/PackageCache/com.unity.analytics@c9d14a6bdec6:+/home/turker/Documents/playground/ocean-battle-royale/Library/PackageCache/com.unity.burst@2f3d916873ea:+/home/turker/Documents/playground/ocean-battle-royale/Library/PackageCache/com.unity.collab-proxy@4628d2ba6ea4:+/home/turker/Documents/playground/ocean-battle-royale/Library/PackageCache/com.unity.collections@c461d9198d5e:+/home/turker/Documents/playground/ocean-battle-royale/Library/PackageCache/com.unity.ide.rider@1f60b3138684:+/home/turker/Documents/playground/ocean-battle-royale/Library/PackageCache/com.unity.ide.visualstudio@a99d56dec63f:+/home/turker/Documents/playground/ocean-battle-royale/Library/PackageCache/com.unity.inputsystem@7a4e1a2a8194:+/home/turker/Documents/playground/ocean-battle-royale/Library/PackageCache/com.unity.mathematics@bdc7f308708c:+/home/turker/Documents/playground/ocean-battle-royale/Library/PackageCache/com.unity.multiplayer.center@095ed72d0927:+/home/turker/Documents/playground/ocean-battle-royale/Library/PackageCache/com.unity.nuget.newtonsoft-json@4dfd81071c64:+/home/turker/Documents/playground/ocean-battle-royale/Library/PackageCache/com.unity.purchasing@265595791a69:+/home/turker/Documents/playground/ocean-battle-royale/Library/PackageCache/com.unity.test-framework@773a3a4953ad:+/home/turker/Documents/playground/ocean-battle-royale/Library/PackageCache/com.unity.timeline@8cd8509afae5:+/home/turker/Documents/playground/ocean-battle-royale/Library/PackageCache/com.unity.ugui@241bd5dd93e7:+/home/turker/Documents/playground/ocean-battle-royale/Library/PackageCache/com.unity.xr.legacyinputhelpers@3f62d634f63b:+/home/turker/Documents/playground/ocean-battle-royale/Library/PackageCache/com.unity.modules.accessibility:+/home/turker/Documents/playground/ocean-battle-royale/Library/PackageCache/com.unity.modules.adaptiveperformance:+/home/turker/Documents/playground/ocean-battle-royale/Library/PackageCache/com.unity.modules.ai:+/home/turker/Documents/playground/ocean-battle-royale/Library/PackageCache/com.unity.modules.androidjni:+/home/turker/Documents/playground/ocean-battle-royale/Library/PackageCache/com.unity.modules.animation:+/home/turker/Documents/playground/ocean-battle-royale/Library/PackageCache/com.unity.modules.assetbundle:+/home/turker/Documents/playground/ocean-battle-royale/Library/PackageCache/com.unity.modules.audio:+/home/turker/Documents/playground/ocean-battle-royale/Library/PackageCache/com.unity.modules.cloth:+/home/turker/Documents/playground/ocean-battle-royale/Library/PackageCache/com.unity.modules.director:+/home/turker/Documents/playground/ocean-battle-royale/Library/PackageCache/com.unity.modules.imageconversion:+/home/turker/Documents/playground/ocean-battle-royale/Library/PackageCache/com.unity.modules.imgui:+/home/turker/Documents/playground/ocean-battle-royale/Library/PackageCache/com.unity.modules.jsonserialize:+/home/turker/Documents/playground/ocean-battle-royale/Library/PackageCache/com.unity.modules.particlesystem:+/home/turker/Documents/playground/ocean-battle-royale/Library/PackageCache/com.unity.modules.physics:+/home/turker/Documents/playground/ocean-battle-royale/Library/PackageCache/com.unity.modules.physics2d:+/home/turker/Documents/playground/ocean-battle-royale/Library/PackageCache/com.unity.modules.physicscore2d:+/home/turker/Documents/playground/ocean-battle-royale/Library/PackageCache/com.unity.modules.screencapture:+/home/turker/Documents/playground/ocean-battle-royale/Library/PackageCache/com.unity.modules.terrain:+/home/turker/Documents/playground/ocean-battle-royale/Library/PackageCache/com.unity.modules.terrainphysics:+/home/turker/Documents/playground/ocean-battle-royale/Library/PackageCache/com.unity.modules.tilemap:+/home/turker/Documents/playground/ocean-battle-royale/Library/PackageCache/com.unity.modules.ui:+/home/turker/Documents/playground/ocean-battle-royale/Library/PackageCache/com.unity.modules.uielements:+/home/turker/Documents/playground/ocean-battle-royale/Library/PackageCache/com.unity.modules.umbra:+/home/turker/Documents/playground/ocean-battle-royale/Library/PackageCache/com.unity.modules.unityanalytics:+/home/turker/Documents/playground/ocean-battle-royale/Library/PackageCache/com.unity.modules.unitywebrequest:+/home/turker/Documents/playground/ocean-battle-royale/Library/PackageCache/com.unity.modules.unitywebrequestassetbundle:+/home/turker/Documents/playground/ocean-battle-royale/Library/PackageCache/com.unity.modules.unitywebrequestaudio:+/home/turker/Documents/playground/ocean-battle-royale/Library/PackageCache/com.unity.modules.unitywebrequesttexture:+/home/turker/Documents/playground/ocean-battle-royale/Library/PackageCache/com.unity.modules.unitywebrequestwww:+/home/turker/Documents/playground/ocean-battle-royale/Library/PackageCache/com.unity.modules.vectorgraphics:+/home/turker/Documents/playground/ocean-battle-royale/Library/PackageCache/com.unity.modules.vehicles:+/home/turker/Documents/playground/ocean-battle-royale/Library/PackageCache/com.unity.modules.video:+/home/turker/Documents/playground/ocean-battle-royale/Library/PackageCache/com.unity.modules.wind:+/home/turker/Documents/playground/ocean-battle-royale/Library/PackageCache/com.unity.modules.xr:+/home/turker/Documents/playground/ocean-battle-royale/Library/PackageCache/com.unity.modules.subsystems:+/home/turker/Documents/playground/ocean-battle-royale/Library/PackageCache/com.unity.modules.hierarchycore:+/home/turker/Documents/playground/ocean-battle-royale/Library/PackageCache/com.unity.ext.nunit@9054f8d1d690:+/home/turker/Documents/playground/ocean-battle-royale/Library/PackageCache/com.unity.services.core@3464cb68d709:+/home/turker/Documents/playground/ocean-battle-royale/Library/PackageCache/com.unity.nuget.mono-cecil@ecb9724e46ff:+/home/turker/Documents/playground/ocean-battle-royale/Library/PackageCache/com.unity.test-framework.performance@8b56083ec0f0:+/home/turker/Documents/playground/ocean-battle-royale/Library/PackageCache/com.unity.services.analytics@cde4e6cf92f9:Library/ScriptAssemblies:+/home/turker/Unity/Hub/Editor/6000.5.9f1/Editor/Data/Managed" "/home/turker/Unity/Hub/Editor/6000.5.9f1/Editor/Data/Managed/UnityEngine.dll"
Filename: /home/turker/Unity/Hub/Editor/6000.5.9f1/Editor/Data/DotNetSdk/dotnet
Arguments: "/home/turker/Unity/Hub/Editor/6000.5.9f1/Editor/Data/Tools/BuildPipeline/Compilation/ApiUpdater/AssemblyUpdater.dll" update -a "/home/turker/Documents/playground/ocean-battle-royale/Library/PackageCache/com.unity.analytics@c9d14a6bdec6/Unity.Analytics.Tracker.dll" --output "/tmp/tmp334165de.tmp" --api-version 6000.5.9f1  -s "/home/turker/Unity/Hub/Editor/6000.5.9f1/Editor/Data/NetStandard/ref/2.1.0:/home/turker/Unity/Hub/Editor/6000.5.9f1/Editor/Data/NetStandard/compat/2.1.0/shims/netstandard:/home/turker/Unity/Hub/Editor/6000.5.9f1/Editor/Data/NetStandard/compat/2.1.0/shims/netfx:+/home/turker/Documents/playground/ocean-battle-royale/Assets:+/home/turker/Documents/playground/ocean-battle-royale/Library/PackageCache/com.unity.2d.sprite@d43791c37639:+/home/turker/Documents/playground/ocean-battle-royale/Library/PackageCache/com.unity.2d.tilemap@b2e842def0b1:+/home/turker/Documents/playground/ocean-battle-royale/Library/PackageCache/com.unity.ai.navigation@134dd6a3b97b:+/home/turker/Documents/playground/ocean-battle-royale/Library/PackageCache/com.unity.analytics@c9d14a6bdec6:+/home/turker/Documents/playground/ocean-battle-royale/Library/PackageCache/com.unity.burst@2f3d916873ea:+/home/turker/Documents/playground/ocean-battle-royale/Library/PackageCache/com.unity.collab-proxy@4628d2ba6ea4:+/home/turker/Documents/playground/ocean-battle-royale/Library/PackageCache/com.unity.collections@c461d9198d5e:+/home/turker/Documents/playground/ocean-battle-royale/Library/PackageCache/com.unity.ide.rider@1f60b3138684:+/home/turker/Documents/playground/ocean-battle-royale/Library/PackageCache/com.unity.ide.visualstudio@a99d56dec63f:+/home/turker/Documents/playground/ocean-battle-royale/Library/PackageCache/com.unity.inputsystem@7a4e1a2a8194:+/home/turker/Documents/playground/ocean-battle-royale/Library/PackageCache/com.unity.mathematics@bdc7f308708c:+/home/turker/Documents/playground/ocean-battle-royale/Library/PackageCache/com.unity.multiplayer.center@095ed72d0927:+/home/turker/Documents/playground/ocean-battle-royale/Library/PackageCache/com.unity.nuget.newtonsoft-json@4dfd81071c64:+/home/turker/Documents/playground/ocean-battle-royale/Library/PackageCache/com.unity.purchasing@265595791a69:+/home/turker/Documents/playground/ocean-battle-royale/Library/PackageCache/com.unity.test-framework@773a3a4953ad:+/home/turker/Documents/playground/ocean-battle-royale/Library/PackageCache/com.unity.timeline@8cd8509afae5:+/home/turker/Documents/playground/ocean-battle-royale/Library/PackageCache/com.unity.ugui@241bd5dd93e7:+/home/turker/Documents/playground/ocean-battle-royale/Library/PackageCache/com.unity.xr.legacyinputhelpers@3f62d634f63b:+/home/turker/Documents/playground/ocean-battle-royale/Library/PackageCache/com.unity.modules.accessibility:+/home/turker/Documents/playground/ocean-battle-royale/Library/PackageCache/com.unity.modules.adaptiveperformance:+/home/turker/Documents/playground/ocean-battle-royale/Library/PackageCache/com.unity.modules.ai:+/home/turker/Documents/playground/ocean-battle-royale/Library/PackageCache/com.unity.modules.androidjni:+/home/turker/Documents/playground/ocean-battle-royale/Library/PackageCache/com.unity.modules.animation:+/home/turker/Documents/playground/ocean-battle-royale/Library/PackageCache/com.unity.modules.assetbundle:+/home/turker/Documents/playground/ocean-battle-royale/Library/PackageCache/com.unity.modules.audio:+/home/turker/Documents/playground/ocean-battle-royale/Library/PackageCache/com.unity.modules.cloth:+/home/turker/Documents/playground/ocean-battle-royale/Library/PackageCache/com.unity.modules.director:+/home/turker/Documents/playground/ocean-battle-royale/Library/PackageCache/com.unity.modules.imageconversion:+/home/turker/Documents/playground/ocean-battle-royale/Library/PackageCache/com.unity.modules.imgui:+/home/turker/Documents/playground/ocean-battle-royale/Library/PackageCache/com.unity.modules.jsonserialize:+/home/turker/Documents/playground/ocean-battle-royale/Library/PackageCache/com.unity.modules.particlesystem:+/home/turker/Documents/playground/ocean-battle-royale/Library/PackageCache/com.unity.modules.physics:+/home/turker/Documents/playground/ocean-battle-royale/Library/PackageCache/com.unity.modules.physics2d:+/home/turker/Documents/playground/ocean-battle-royale/Library/PackageCache/com.unity.modules.physicscore2d:+/home/turker/Documents/playground/ocean-battle-royale/Library/PackageCache/com.unity.modules.screencapture:+/home/turker/Documents/playground/ocean-battle-royale/Library/PackageCache/com.unity.modules.terrain:+/home/turker/Documents/playground/ocean-battle-royale/Library/PackageCache/com.unity.modules.terrainphysics:+/home/turker/Documents/playground/ocean-battle-royale/Library/PackageCache/com.unity.modules.tilemap:+/home/turker/Documents/playground/ocean-battle-royale/Library/PackageCache/com.unity.modules.ui:+/home/turker/Documents/playground/ocean-battle-royale/Library/PackageCache/com.unity.modules.uielements:+/home/turker/Documents/playground/ocean-battle-royale/Library/PackageCache/com.unity.modules.umbra:+/home/turker/Documents/playground/ocean-battle-royale/Library/PackageCache/com.unity.modules.unityanalytics:+/home/turker/Documents/playground/ocean-battle-royale/Library/PackageCache/com.unity.modules.unitywebrequest:+/home/turker/Documents/playground/ocean-battle-royale/Library/PackageCache/com.unity.modules.unitywebrequestassetbundle:+/home/turker/Documents/playground/ocean-battle-royale/Library/PackageCache/com.unity.modules.unitywebrequestaudio:+/home/turker/Documents/playground/ocean-battle-royale/Library/PackageCache/com.unity.modules.unitywebrequesttexture:+/home/turker/Documents/playground/ocean-battle-royale/Library/PackageCache/com.unity.modules.unitywebrequestwww:+/home/turker/Documents/playground/ocean-battle-royale/Library/PackageCache/com.unity.modules.vectorgraphics:+/home/turker/Documents/playground/ocean-battle-royale/Library/PackageCache/com.unity.modules.vehicles:+/home/turker/Documents/playground/ocean-battle-royale/Library/PackageCache/com.unity.modules.video:+/home/turker/Documents/playground/ocean-battle-royale/Library/PackageCache/com.unity.modules.wind:+/home/turker/Documents/playground/ocean-battle-royale/Library/PackageCache/com.unity.modules.xr:+/home/turker/Documents/playground/ocean-battle-royale/Library/PackageCache/com.unity.modules.subsystems:+/home/turker/Documents/playground/ocean-battle-royale/Library/PackageCache/com.unity.modules.hierarchycore:+/home/turker/Documents/playground/ocean-battle-royale/Library/PackageCache/com.unity.ext.nunit@9054f8d1d690:+/home/turker/Documents/playground/ocean-battle-royale/Library/PackageCache/com.unity.services.core@3464cb68d709:+/home/turker/Documents/playground/ocean-battle-royale/Library/PackageCache/com.unity.nuget.mono-cecil@ecb9724e46ff:+/home/turker/Documents/playground/ocean-battle-royale/Library/PackageCache/com.unity.test-framework.performance@8b56083ec0f0:+/home/turker/Documents/playground/ocean-battle-royale/Library/PackageCache/com.unity.services.analytics@cde4e6cf92f9:Library/ScriptAssemblies:+/home/turker/Unity/Hub/Editor/6000.5.9f1/Editor/Data/Managed" "/home/turker/Unity/Hub/Editor/6000.5.9f1/Editor/Data/Managed/UnityEngine.dll"
Filename: /home/turker/Unity/Hub/Editor/6000.5.9f1/Editor/Data/DotNetSdk/dotnet
Arguments: "/home/turker/Unity/Hub/Editor/6000.5.9f1/Editor/Data/Tools/BuildPipeline/Compilation/ApiUpdater/AssemblyUpdater.dll" update -a "/home/turker/Documents/playground/ocean-battle-royale/Library/PackageCache/com.unity.analytics@c9d14a6bdec6/Unity.Analytics.Editor.dll" --output "/tmp/tmp196c2040.tmp" --api-version 6000.5.9f1  -s "/home/turker/Unity/Hub/Editor/6000.5.9f1/Editor/Data/NetStandard/ref/2.1.0:/home/turker/Unity/Hub/Editor/6000.5.9f1/Editor/Data/NetStandard/compat/2.1.0/shims/netstandard:/home/turker/Unity/Hub/Editor/6000.5.9f1/Editor/Data/NetStandard/compat/2.1.0/shims/netfx:+/home/turker/Documents/playground/ocean-battle-royale/Assets:+/home/turker/Documents/playground/ocean-battle-royale/Library/PackageCache/com.unity.2d.sprite@d43791c37639:+/home/turker/Documents/playground/ocean-battle-royale/Library/PackageCache/com.unity.2d.tilemap@b2e842def0b1:+/home/turker/Documents/playground/ocean-battle-royale/Library/PackageCache/com.unity.ai.navigation@134dd6a3b97b:+/home/turker/Documents/playground/ocean-battle-royale/Library/PackageCache/com.unity.analytics@c9d14a6bdec6:+/home/turker/Documents/playground/ocean-battle-royale/Library/PackageCache/com.unity.burst@2f3d916873ea:+/home/turker/Documents/playground/ocean-battle-royale/Library/PackageCache/com.unity.collab-proxy@4628d2ba6ea4:+/home/turker/Documents/playground/ocean-battle-royale/Library/PackageCache/com.unity.collections@c461d9198d5e:+/home/turker/Documents/playground/ocean-battle-royale/Library/PackageCache/com.unity.ide.rider@1f60b3138684:+/home/turker/Documents/playground/ocean-battle-royale/Library/PackageCache/com.unity.ide.visualstudio@a99d56dec63f:+/home/turker/Documents/playground/ocean-battle-royale/Library/PackageCache/com.unity.inputsystem@7a4e1a2a8194:+/home/turker/Documents/playground/ocean-battle-royale/Library/PackageCache/com.unity.mathematics@bdc7f308708c:+/home/turker/Documents/playground/ocean-battle-royale/Library/PackageCache/com.unity.multiplayer.center@095ed72d0927:+/home/turker/Documents/playground/ocean-battle-royale/Library/PackageCache/com.unity.nuget.newtonsoft-json@4dfd81071c64:+/home/turker/Documents/playground/ocean-battle-royale/Library/PackageCache/com.unity.purchasing@265595791a69:+/home/turker/Documents/playground/ocean-battle-royale/Library/PackageCache/com.unity.test-framework@773a3a4953ad:+/home/turker/Documents/playground/ocean-battle-royale/Library/PackageCache/com.unity.timeline@8cd8509afae5:+/home/turker/Documents/playground/ocean-battle-royale/Library/PackageCache/com.unity.ugui@241bd5dd93e7:+/home/turker/Documents/playground/ocean-battle-royale/Library/PackageCache/com.unity.xr.legacyinputhelpers@3f62d634f63b:+/home/turker/Documents/playground/ocean-battle-royale/Library/PackageCache/com.unity.modules.accessibility:+/home/turker/Documents/playground/ocean-battle-royale/Library/PackageCache/com.unity.modules.adaptiveperformance:+/home/turker/Documents/playground/ocean-battle-royale/Library/PackageCache/com.unity.modules.ai:+/home/turker/Documents/playground/ocean-battle-royale/Library/PackageCache/com.unity.modules.androidjni:+/home/turker/Documents/playground/ocean-battle-royale/Library/PackageCache/com.unity.modules.animation:+/home/turker/Documents/playground/ocean-battle-royale/Library/PackageCache/com.unity.modules.assetbundle:+/home/turker/Documents/playground/ocean-battle-royale/Library/PackageCache/com.unity.modules.audio:+/home/turker/Documents/playground/ocean-battle-royale/Library/PackageCache/com.unity.modules.cloth:+/home/turker/Documents/playground/ocean-battle-royale/Library/PackageCache/com.unity.modules.director:+/home/turker/Documents/playground/ocean-battle-royale/Library/PackageCache/com.unity.modules.imageconversion:+/home/turker/Documents/playground/ocean-battle-royale/Library/PackageCache/com.unity.modules.imgui:+/home/turker/Documents/playground/ocean-battle-royale/Library/PackageCache/com.unity.modules.jsonserialize:+/home/turker/Documents/playground/ocean-battle-royale/Library/PackageCache/com.unity.modules.particlesystem:+/home/turker/Documents/playground/ocean-battle-royale/Library/PackageCache/com.unity.modules.physics:+/home/turker/Documents/playground/ocean-battle-royale/Library/PackageCache/com.unity.modules.physics2d:+/home/turker/Documents/playground/ocean-battle-royale/Library/PackageCache/com.unity.modules.physicscore2d:+/home/turker/Documents/playground/ocean-battle-royale/Library/PackageCache/com.unity.modules.screencapture:+/home/turker/Documents/playground/ocean-battle-royale/Library/PackageCache/com.unity.modules.terrain:+/home/turker/Documents/playground/ocean-battle-royale/Library/PackageCache/com.unity.modules.terrainphysics:+/home/turker/Documents/playground/ocean-battle-royale/Library/PackageCache/com.unity.modules.tilemap:+/home/turker/Documents/playground/ocean-battle-royale/Library/PackageCache/com.unity.modules.ui:+/home/turker/Documents/playground/ocean-battle-royale/Library/PackageCache/com.unity.modules.uielements:+/home/turker/Documents/playground/ocean-battle-royale/Library/PackageCache/com.unity.modules.umbra:+/home/turker/Documents/playground/ocean-battle-royale/Library/PackageCache/com.unity.modules.unityanalytics:+/home/turker/Documents/playground/ocean-battle-royale/Library/PackageCache/com.unity.modules.unitywebrequest:+/home/turker/Documents/playground/ocean-battle-royale/Library/PackageCache/com.unity.modules.unitywebrequestassetbundle:+/home/turker/Documents/playground/ocean-battle-royale/Library/PackageCache/com.unity.modules.unitywebrequestaudio:+/home/turker/Documents/playground/ocean-battle-royale/Library/PackageCache/com.unity.modules.unitywebrequesttexture:+/home/turker/Documents/playground/ocean-battle-royale/Library/PackageCache/com.unity.modules.unitywebrequestwww:+/home/turker/Documents/playground/ocean-battle-royale/Library/PackageCache/com.unity.modules.vectorgraphics:+/home/turker/Documents/playground/ocean-battle-royale/Library/PackageCache/com.unity.modules.vehicles:+/home/turker/Documents/playground/ocean-battle-royale/Library/PackageCache/com.unity.modules.video:+/home/turker/Documents/playground/ocean-battle-royale/Library/PackageCache/com.unity.modules.wind:+/home/turker/Documents/playground/ocean-battle-royale/Library/PackageCache/com.unity.modules.xr:+/home/turker/Documents/playground/ocean-battle-royale/Library/PackageCache/com.unity.modules.subsystems:+/home/turker/Documents/playground/ocean-battle-royale/Library/PackageCache/com.unity.modules.hierarchycore:+/home/turker/Documents/playground/ocean-battle-royale/Library/PackageCache/com.unity.ext.nunit@9054f8d1d690:+/home/turker/Documents/playground/ocean-battle-royale/Library/PackageCache/com.unity.services.core@3464cb68d709:+/home/turker/Documents/playground/ocean-battle-royale/Library/PackageCache/com.unity.nuget.mono-cecil@ecb9724e46ff:+/home/turker/Documents/playground/ocean-battle-royale/Library/PackageCache/com.unity.test-framework.performance@8b56083ec0f0:+/home/turker/Documents/playground/ocean-battle-royale/Library/PackageCache/com.unity.services.analytics@cde4e6cf92f9:Library/ScriptAssemblies:+/home/turker/Unity/Hub/Editor/6000.5.9f1/Editor/Data/Managed" "/home/turker/Unity/Hub/Editor/6000.5.9f1/Editor/Data/Managed/UnityEngine.dll" "/home/turker/Unity/Hub/Editor/6000.5.9f1/Editor/Data/Managed/UnityEditor.dll"
[API Updater] Assemblies not requiring updates:
[API Updater] Packages/com.unity.analytics/AnalyticsStandardEvents/Unity.Analytics.StandardEvents.dll
[API Updater] Packages/com.unity.analytics/Unity.Analytics.Tracker.dll
[API Updater] Packages/com.unity.analytics/Unity.Analytics.Editor.dll
[API Updater] Update finished with success in 9176 ms (0/3 assembly(ies) updated).
Assembly Updater Post Process Assets time: 12,320884s
[ScriptCompilation] Requested script compilation because: Assembly Definition File(s) changed
[ScriptCompilation] Requested script compilation because: AssetDatabase observed changes in script compilation related files
info: Microsoft.Hosting.Lifetime[14]
      Now listening on: http://unix:/tmp/ilpp.sock-c898c60ae26d3b745e025d510de16124
info: Microsoft.Hosting.Lifetime[0]
      Application started. Press Ctrl+C to shut down.
info: Microsoft.Hosting.Lifetime[0]
      Hosting environment: Production
info: Microsoft.Hosting.Lifetime[0]
      Content root path: /home/turker/Documents/playground/ocean-battle-royale
info: Microsoft.AspNetCore.Hosting.Diagnostics[1]
      Request starting HTTP/2 POST http://ilpp/UnityILPP.PostProcessing/Ping - application/grpc -
info: Microsoft.AspNetCore.Routing.EndpointMiddleware[0]
      Executing endpoint 'gRPC - /UnityILPP.PostProcessing/Ping'
info: Microsoft.AspNetCore.Routing.EndpointMiddleware[1]
      Executed endpoint 'gRPC - /UnityILPP.PostProcessing/Ping'
info: Microsoft.AspNetCore.Hosting.Diagnostics[2]
      Request finished HTTP/2 POST http://ilpp/UnityILPP.PostProcessing/Ping - 200 - application/grpc 117.5919ms
Starting: /home/turker/Unity/Hub/Editor/6000.5.9f1/Editor/Data/Tools/BuildPipeline/bee_backend --ipc --defer-dag-verification --dagfile="Library/Bee/2400b0aE.dag" --continue-on-failure --profile="Library/Bee/backend1.traceevents" ScriptAssemblies
WorkingDir: /home/turker/Documents/playground/ocean-battle-royale
ExitCode: 4 Duration: 6s622ms
[ 582/1168  0s] CopyFiles Library/ScriptAssemblies/UnityEngine.TestRunner.pdb
[ 584/1168  0s] CopyFiles Library/ScriptAssemblies/UnityEditor.TestRunner.dll
[ 585/1168  0s] CopyFiles Library/ScriptAssemblies/UnityEngine.TestRunner.dll
[ 586/1168  0s] CopyFiles Library/ScriptAssemblies/UnityEditor.TestRunner.pdb
[ 587/1168  0s] MovedFromExtractor-Combine Library/Bee/artifacts/2400b0aE.dag/UnityEditor.UI.dll.mvfrm
[           0s] Csc Library/Bee/artifacts/2400b0aE.dag/UnityEditor.UI.dll (+2 others) [CacheMiss 88c66e1a9b117848a29a013a2266430100000000000000000000000000000006]
Rebuilding DAG because FileSignature timestamp changed: Library/Bee/2400b0aE-inputdata.json
[BUSY       6s] Csc Library/Bee/artifacts/2400b0aE.dag/UnityEditor.UI.dll (+2 others)
[ 588/1168  6s] Csc Library/Bee/artifacts/2400b0aE.dag/UnityEditor.UI.dll (+2 others)
[           0s] Csc Library/Bee/artifacts/2400b0aE.dag/UnityEditor.UI.dll (+2 others) [CacheWrite 88c66e1a9b117848a29a013a2266430100000000000000000000000000000006]
*** Tundra requires additional run (6.55 seconds), 6 items updated, 587 evaluated
Starting: /home/turker/Unity/Hub/Editor/6000.5.9f1/Editor/Data/netcorerun/netcorerun "/home/turker/Unity/Hub/Editor/6000.5.9f1/Editor/Data/Tools/BuildPipeline/ScriptCompilationBuildProgram.exe" "Library/Bee/2400b0aE.dag.json" "Library/Bee/2400b0aE-inputdata.json" "Library/Bee/buildprogram0.traceevents"
WorkingDir: /home/turker/Documents/playground/ocean-battle-royale
ExitCode: 0 Duration: 3s894ms
Starting: /home/turker/Unity/Hub/Editor/6000.5.9f1/Editor/Data/Tools/BuildPipeline/bee_backend --ipc --defer-dag-verification --dagfile="Library/Bee/2400b0aE.dag" --continue-on-failure --dagfilejson="Library/Bee/2400b0aE.dag.json" --profile="Library/Bee/backend2.traceevents" ScriptAssemblies
WorkingDir: /home/turker/Documents/playground/ocean-battle-royale
info: Microsoft.AspNetCore.Hosting.Diagnostics[1]
      Request starting HTTP/2 POST http://ilpp/UnityILPP.PostProcessing/ConfigurePostProcessors - application/grpc -
info: Microsoft.AspNetCore.Routing.EndpointMiddleware[0]
      Executing endpoint 'gRPC - /UnityILPP.PostProcessing/ConfigurePostProcessors'
warn: Unity.ILPP.Runner.PostProcessingAssemblyLoadContext[0]
      Assembly system.runtime.interopservices.windowsruntime has duplicate hint path. Ignoring "/home/turker/Unity/Hub/Editor/6000.5.9f1/Editor/Data/UnityReferenceAssemblies/unity-4.8-api/Facades/System.Runtime.InteropServices.WindowsRuntime.dll" in favor of "/home/turker/Unity/Hub/Editor/6000.5.9f1/Editor/Data/NetStandard/Extensions/2.0.0/System.Runtime.InteropServices.WindowsRuntime.dll"
warn: Unity.ILPP.Runner.PostProcessingAssemblyLoadContext[0]
      Assembly system.componentmodel.composition has duplicate hint path. Ignoring "/home/turker/Unity/Hub/Editor/6000.5.9f1/Editor/Data/UnityReferenceAssemblies/unity-4.8-api/System.ComponentModel.Composition.dll" in favor of "/home/turker/Unity/Hub/Editor/6000.5.9f1/Editor/Data/NetStandard/compat/2.1.0/shims/netfx/System.ComponentModel.Composition.dll"
info: Unity.ILPP.Runner.PostProcessingAssemblyLoadContext[0]
      Resolved Unity.Burst.Cecil, Version=0.11.6.0, Culture=neutral, PublicKeyToken=50cebf1cceb9d05e with Library/PackageCache/com.unity.burst@2f3d916873ea/Unity.Burst.CodeGen/Unity.Burst.Cecil.dll
info: Unity.ILPP.Runner.PostProcessingAssemblyLoadContext[0]
      Resolved Mono.Cecil, Version=0.11.5.0, Culture=neutral, PublicKeyToken=50cebf1cceb9d05e with Library/PackageCache/com.unity.nuget.mono-cecil@ecb9724e46ff/Mono.Cecil.dll
info: Microsoft.AspNetCore.Routing.EndpointMiddleware[1]
      Executed endpoint 'gRPC - /UnityILPP.PostProcessing/ConfigurePostProcessors'
info: Microsoft.AspNetCore.Hosting.Diagnostics[2]
      Request finished HTTP/2 POST http://ilpp/UnityILPP.PostProcessing/ConfigurePostProcessors - 200 - application/grpc 309.5624ms

(Unity:107746): GLib-GObject-CRITICAL **: 17:43:06.039: invalid unclassed pointer in cast to 'GtkProgressBar'

(Unity:107746): Gtk-CRITICAL **: 17:43:06.039: gtk_progress_bar_set_fraction: assertion 'GTK_IS_PROGRESS_BAR (pbar)' failed

(Unity:107746): GLib-GObject-CRITICAL **: 17:43:06.039: invalid unclassed pointer in cast to 'GtkLabel'

(Unity:107746): Gtk-CRITICAL **: 17:43:06.039: gtk_label_set_text: assertion 'GTK_IS_LABEL (label)' failed

(Unity:107746): GLib-GObject-CRITICAL **: 17:43:06.160: invalid unclassed pointer in cast to 'GtkProgressBar'

(Unity:107746): Gtk-CRITICAL **: 17:43:06.160: gtk_progress_bar_set_fraction: assertion 'GTK_IS_PROGRESS_BAR (pbar)' failed

(Unity:107746): GLib-GObject-CRITICAL **: 17:43:06.160: invalid unclassed pointer in cast to 'GtkLabel'

(Unity:107746): Gtk-CRITICAL **: 17:43:06.160: gtk_label_set_text: assertion 'GTK_IS_LABEL (label)' failed

(Unity:107746): GLib-GObject-CRITICAL **: 17:43:06.960: invalid unclassed pointer in cast to 'GtkProgressBar'

(Unity:107746): Gtk-CRITICAL **: 17:43:06.960: gtk_progress_bar_set_fraction: assertion 'GTK_IS_PROGRESS_BAR (pbar)' failed

(Unity:107746): GLib-GObject-CRITICAL **: 17:43:06.960: invalid unclassed pointer in cast to 'GtkLabel'

(Unity:107746): Gtk-CRITICAL **: 17:43:06.960: gtk_label_set_text: assertion 'GTK_IS_LABEL (label)' failed

(Unity:107746): GLib-GObject-CRITICAL **: 17:43:07.337: invalid unclassed pointer in cast to 'GtkProgressBar'

(Unity:107746): Gtk-CRITICAL **: 17:43:07.337: gtk_progress_bar_set_fraction: assertion 'GTK_IS_PROGRESS_BAR (pbar)' failed

(Unity:107746): GLib-GObject-CRITICAL **: 17:43:07.338: invalid unclassed pointer in cast to 'GtkLabel'

(Unity:107746): Gtk-CRITICAL **: 17:43:07.338: gtk_label_set_text: assertion 'GTK_IS_LABEL (label)' failed

(Unity:107746): GLib-GObject-CRITICAL **: 17:43:07.707: invalid unclassed pointer in cast to 'GtkProgressBar'

(Unity:107746): Gtk-CRITICAL **: 17:43:07.707: gtk_progress_bar_set_fraction: assertion 'GTK_IS_PROGRESS_BAR (pbar)' failed

(Unity:107746): GLib-GObject-CRITICAL **: 17:43:07.707: invalid unclassed pointer in cast to 'GtkLabel'

(Unity:107746): Gtk-CRITICAL **: 17:43:07.707: gtk_label_set_text: assertion 'GTK_IS_LABEL (label)' failed

(Unity:107746): GLib-GObject-CRITICAL **: 17:43:07.991: invalid unclassed pointer in cast to 'GtkProgressBar'

(Unity:107746): Gtk-CRITICAL **: 17:43:07.991: gtk_progress_bar_set_fraction: assertion 'GTK_IS_PROGRESS_BAR (pbar)' failed

(Unity:107746): GLib-GObject-CRITICAL **: 17:43:07.991: invalid unclassed pointer in cast to 'GtkLabel'

(Unity:107746): Gtk-CRITICAL **: 17:43:07.991: gtk_label_set_text: assertion 'GTK_IS_LABEL (label)' failed

(Unity:107746): GLib-GObject-CRITICAL **: 17:43:08.377: invalid unclassed pointer in cast to 'GtkProgressBar'

(Unity:107746): Gtk-CRITICAL **: 17:43:08.377: gtk_progress_bar_set_fraction: assertion 'GTK_IS_PROGRESS_BAR (pbar)' failed

(Unity:107746): GLib-GObject-CRITICAL **: 17:43:08.377: invalid unclassed pointer in cast to 'GtkLabel'

(Unity:107746): Gtk-CRITICAL **: 17:43:08.377: gtk_label_set_text: assertion 'GTK_IS_LABEL (label)' failed

(Unity:107746): GLib-GObject-CRITICAL **: 17:43:08.489: invalid unclassed pointer in cast to 'GtkProgressBar'

(Unity:107746): Gtk-CRITICAL **: 17:43:08.489: gtk_progress_bar_set_fraction: assertion 'GTK_IS_PROGRESS_BAR (pbar)' failed

(Unity:107746): GLib-GObject-CRITICAL **: 17:43:08.489: invalid unclassed pointer in cast to 'GtkLabel'

(Unity:107746): Gtk-CRITICAL **: 17:43:08.489: gtk_label_set_text: assertion 'GTK_IS_LABEL (label)' failed

(Unity:107746): GLib-GObject-CRITICAL **: 17:43:08.763: invalid unclassed pointer in cast to 'GtkProgressBar'

(Unity:107746): Gtk-CRITICAL **: 17:43:08.763: gtk_progress_bar_set_fraction: assertion 'GTK_IS_PROGRESS_BAR (pbar)' failed

(Unity:107746): GLib-GObject-CRITICAL **: 17:43:08.763: invalid unclassed pointer in cast to 'GtkLabel'

(Unity:107746): Gtk-CRITICAL **: 17:43:08.763: gtk_label_set_text: assertion 'GTK_IS_LABEL (label)' failed

(Unity:107746): GLib-GObject-CRITICAL **: 17:43:09.774: invalid unclassed pointer in cast to 'GtkProgressBar'

(Unity:107746): Gtk-CRITICAL **: 17:43:09.775: gtk_progress_bar_set_fraction: assertion 'GTK_IS_PROGRESS_BAR (pbar)' failed

(Unity:107746): GLib-GObject-CRITICAL **: 17:43:09.775: invalid unclassed pointer in cast to 'GtkLabel'

(Unity:107746): Gtk-CRITICAL **: 17:43:09.775: gtk_label_set_text: assertion 'GTK_IS_LABEL (label)' failed

(Unity:107746): GLib-GObject-CRITICAL **: 17:43:10.484: invalid unclassed pointer in cast to 'GtkProgressBar'

(Unity:107746): Gtk-CRITICAL **: 17:43:10.484: gtk_progress_bar_set_fraction: assertion 'GTK_IS_PROGRESS_BAR (pbar)' failed

(Unity:107746): GLib-GObject-CRITICAL **: 17:43:10.484: invalid unclassed pointer in cast to 'GtkLabel'

(Unity:107746): Gtk-CRITICAL **: 17:43:10.484: gtk_label_set_text: assertion 'GTK_IS_LABEL (label)' failed

(Unity:107746): GLib-GObject-CRITICAL **: 17:43:11.248: invalid unclassed pointer in cast to 'GtkProgressBar'

(Unity:107746): Gtk-CRITICAL **: 17:43:11.249: gtk_progress_bar_set_fraction: assertion 'GTK_IS_PROGRESS_BAR (pbar)' failed

(Unity:107746): GLib-GObject-CRITICAL **: 17:43:11.249: invalid unclassed pointer in cast to 'GtkLabel'

(Unity:107746): Gtk-CRITICAL **: 17:43:11.249: gtk_label_set_text: assertion 'GTK_IS_LABEL (label)' failed

(Unity:107746): GLib-GObject-CRITICAL **: 17:43:11.533: invalid unclassed pointer in cast to 'GtkProgressBar'

(Unity:107746): Gtk-CRITICAL **: 17:43:11.533: gtk_progress_bar_set_fraction: assertion 'GTK_IS_PROGRESS_BAR (pbar)' failed

(Unity:107746): GLib-GObject-CRITICAL **: 17:43:11.533: invalid unclassed pointer in cast to 'GtkLabel'

(Unity:107746): Gtk-CRITICAL **: 17:43:11.533: gtk_label_set_text: assertion 'GTK_IS_LABEL (label)' failed

(Unity:107746): GLib-GObject-CRITICAL **: 17:43:12.011: invalid unclassed pointer in cast to 'GtkProgressBar'

(Unity:107746): Gtk-CRITICAL **: 17:43:12.011: gtk_progress_bar_set_fraction: assertion 'GTK_IS_PROGRESS_BAR (pbar)' failed

(Unity:107746): GLib-GObject-CRITICAL **: 17:43:12.011: invalid unclassed pointer in cast to 'GtkLabel'

(Unity:107746): Gtk-CRITICAL **: 17:43:12.011: gtk_label_set_text: assertion 'GTK_IS_LABEL (label)' failed

(Unity:107746): GLib-GObject-CRITICAL **: 17:43:12.122: invalid unclassed pointer in cast to 'GtkProgressBar'

(Unity:107746): Gtk-CRITICAL **: 17:43:12.122: gtk_progress_bar_set_fraction: assertion 'GTK_IS_PROGRESS_BAR (pbar)' failed

(Unity:107746): GLib-GObject-CRITICAL **: 17:43:12.122: invalid unclassed pointer in cast to 'GtkLabel'

(Unity:107746): Gtk-CRITICAL **: 17:43:12.122: gtk_label_set_text: assertion 'GTK_IS_LABEL (label)' failed

(Unity:107746): GLib-GObject-CRITICAL **: 17:43:12.229: invalid unclassed pointer in cast to 'GtkProgressBar'

(Unity:107746): Gtk-CRITICAL **: 17:43:12.229: gtk_progress_bar_set_fraction: assertion 'GTK_IS_PROGRESS_BAR (pbar)' failed

(Unity:107746): GLib-GObject-CRITICAL **: 17:43:12.229: invalid unclassed pointer in cast to 'GtkLabel'

(Unity:107746): Gtk-CRITICAL **: 17:43:12.229: gtk_label_set_text: assertion 'GTK_IS_LABEL (label)' failed

(Unity:107746): GLib-GObject-CRITICAL **: 17:43:12.565: invalid unclassed pointer in cast to 'GtkProgressBar'

(Unity:107746): Gtk-CRITICAL **: 17:43:12.565: gtk_progress_bar_set_fraction: assertion 'GTK_IS_PROGRESS_BAR (pbar)' failed

(Unity:107746): GLib-GObject-CRITICAL **: 17:43:12.565: invalid unclassed pointer in cast to 'GtkLabel'

(Unity:107746): Gtk-CRITICAL **: 17:43:12.565: gtk_label_set_text: assertion 'GTK_IS_LABEL (label)' failed

(Unity:107746): GLib-GObject-CRITICAL **: 17:43:12.733: invalid unclassed pointer in cast to 'GtkProgressBar'

(Unity:107746): Gtk-CRITICAL **: 17:43:12.733: gtk_progress_bar_set_fraction: assertion 'GTK_IS_PROGRESS_BAR (pbar)' failed

(Unity:107746): GLib-GObject-CRITICAL **: 17:43:12.733: invalid unclassed pointer in cast to 'GtkLabel'

(Unity:107746): Gtk-CRITICAL **: 17:43:12.733: gtk_label_set_text: assertion 'GTK_IS_LABEL (label)' failed

(Unity:107746): GLib-GObject-CRITICAL **: 17:43:12.890: invalid unclassed pointer in cast to 'GtkProgressBar'

(Unity:107746): Gtk-CRITICAL **: 17:43:12.890: gtk_progress_bar_set_fraction: assertion 'GTK_IS_PROGRESS_BAR (pbar)' failed

(Unity:107746): GLib-GObject-CRITICAL **: 17:43:12.890: invalid unclassed pointer in cast to 'GtkLabel'

(Unity:107746): Gtk-CRITICAL **: 17:43:12.890: gtk_label_set_text: assertion 'GTK_IS_LABEL (label)' failed

(Unity:107746): GLib-GObject-CRITICAL **: 17:43:12.993: invalid unclassed pointer in cast to 'GtkProgressBar'

(Unity:107746): Gtk-CRITICAL **: 17:43:12.994: gtk_progress_bar_set_fraction: assertion 'GTK_IS_PROGRESS_BAR (pbar)' failed

(Unity:107746): GLib-GObject-CRITICAL **: 17:43:12.994: invalid unclassed pointer in cast to 'GtkLabel'

(Unity:107746): Gtk-CRITICAL **: 17:43:12.994: gtk_label_set_text: assertion 'GTK_IS_LABEL (label)' failed

(Unity:107746): GLib-GObject-CRITICAL **: 17:43:13.096: invalid unclassed pointer in cast to 'GtkProgressBar'

(Unity:107746): Gtk-CRITICAL **: 17:43:13.097: gtk_progress_bar_set_fraction: assertion 'GTK_IS_PROGRESS_BAR (pbar)' failed

(Unity:107746): GLib-GObject-CRITICAL **: 17:43:13.097: invalid unclassed pointer in cast to 'GtkLabel'

(Unity:107746): Gtk-CRITICAL **: 17:43:13.097: gtk_label_set_text: assertion 'GTK_IS_LABEL (label)' failed

(Unity:107746): GLib-GObject-CRITICAL **: 17:43:13.201: invalid unclassed pointer in cast to 'GtkProgressBar'

(Unity:107746): Gtk-CRITICAL **: 17:43:13.201: gtk_progress_bar_set_fraction: assertion 'GTK_IS_PROGRESS_BAR (pbar)' failed

(Unity:107746): GLib-GObject-CRITICAL **: 17:43:13.201: invalid unclassed pointer in cast to 'GtkLabel'

(Unity:107746): Gtk-CRITICAL **: 17:43:13.201: gtk_label_set_text: assertion 'GTK_IS_LABEL (label)' failed

(Unity:107746): GLib-GObject-CRITICAL **: 17:43:13.440: invalid unclassed pointer in cast to 'GtkProgressBar'

(Unity:107746): Gtk-CRITICAL **: 17:43:13.440: gtk_progress_bar_set_fraction: assertion 'GTK_IS_PROGRESS_BAR (pbar)' failed

(Unity:107746): GLib-GObject-CRITICAL **: 17:43:13.440: invalid unclassed pointer in cast to 'GtkLabel'

(Unity:107746): Gtk-CRITICAL **: 17:43:13.440: gtk_label_set_text: assertion 'GTK_IS_LABEL (label)' failed

(Unity:107746): GLib-GObject-CRITICAL **: 17:43:13.545: invalid unclassed pointer in cast to 'GtkProgressBar'

(Unity:107746): Gtk-CRITICAL **: 17:43:13.546: gtk_progress_bar_set_fraction: assertion 'GTK_IS_PROGRESS_BAR (pbar)' failed

(Unity:107746): GLib-GObject-CRITICAL **: 17:43:13.546: invalid unclassed pointer in cast to 'GtkLabel'

(Unity:107746): Gtk-CRITICAL **: 17:43:13.546: gtk_label_set_text: assertion 'GTK_IS_LABEL (label)' failed

(Unity:107746): GLib-GObject-CRITICAL **: 17:43:13.668: invalid unclassed pointer in cast to 'GtkProgressBar'

(Unity:107746): Gtk-CRITICAL **: 17:43:13.669: gtk_progress_bar_set_fraction: assertion 'GTK_IS_PROGRESS_BAR (pbar)' failed

(Unity:107746): GLib-GObject-CRITICAL **: 17:43:13.669: invalid unclassed pointer in cast to 'GtkLabel'

(Unity:107746): Gtk-CRITICAL **: 17:43:13.669: gtk_label_set_text: assertion 'GTK_IS_LABEL (label)' failed

(Unity:107746): GLib-GObject-CRITICAL **: 17:43:13.772: invalid unclassed pointer in cast to 'GtkProgressBar'

(Unity:107746): Gtk-CRITICAL **: 17:43:13.772: gtk_progress_bar_set_fraction: assertion 'GTK_IS_PROGRESS_BAR (pbar)' failed

(Unity:107746): GLib-GObject-CRITICAL **: 17:43:13.772: invalid unclassed pointer in cast to 'GtkLabel'

(Unity:107746): Gtk-CRITICAL **: 17:43:13.772: gtk_label_set_text: assertion 'GTK_IS_LABEL (label)' failed

(Unity:107746): GLib-GObject-CRITICAL **: 17:43:13.879: invalid unclassed pointer in cast to 'GtkProgressBar'

(Unity:107746): Gtk-CRITICAL **: 17:43:13.879: gtk_progress_bar_set_fraction: assertion 'GTK_IS_PROGRESS_BAR (pbar)' failed

(Unity:107746): GLib-GObject-CRITICAL **: 17:43:13.880: invalid unclassed pointer in cast to 'GtkLabel'

(Unity:107746): Gtk-CRITICAL **: 17:43:13.881: gtk_label_set_text: assertion 'GTK_IS_LABEL (label)' failed

(Unity:107746): GLib-GObject-CRITICAL **: 17:43:13.982: invalid unclassed pointer in cast to 'GtkProgressBar'

(Unity:107746): Gtk-CRITICAL **: 17:43:13.982: gtk_progress_bar_set_fraction: assertion 'GTK_IS_PROGRESS_BAR (pbar)' failed

(Unity:107746): GLib-GObject-CRITICAL **: 17:43:13.982: invalid unclassed pointer in cast to 'GtkLabel'

(Unity:107746): Gtk-CRITICAL **: 17:43:13.982: gtk_label_set_text: assertion 'GTK_IS_LABEL (label)' failed

(Unity:107746): GLib-GObject-CRITICAL **: 17:43:14.091: invalid unclassed pointer in cast to 'GtkProgressBar'

(Unity:107746): Gtk-CRITICAL **: 17:43:14.091: gtk_progress_bar_set_fraction: assertion 'GTK_IS_PROGRESS_BAR (pbar)' failed

(Unity:107746): GLib-GObject-CRITICAL **: 17:43:14.091: invalid unclassed pointer in cast to 'GtkLabel'

(Unity:107746): Gtk-CRITICAL **: 17:43:14.091: gtk_label_set_text: assertion 'GTK_IS_LABEL (label)' failed

(Unity:107746): GLib-GObject-CRITICAL **: 17:43:14.196: invalid unclassed pointer in cast to 'GtkProgressBar'

(Unity:107746): Gtk-CRITICAL **: 17:43:14.196: gtk_progress_bar_set_fraction: assertion 'GTK_IS_PROGRESS_BAR (pbar)' failed

(Unity:107746): GLib-GObject-CRITICAL **: 17:43:14.196: invalid unclassed pointer in cast to 'GtkLabel'

(Unity:107746): Gtk-CRITICAL **: 17:43:14.196: gtk_label_set_text: assertion 'GTK_IS_LABEL (label)' failed

(Unity:107746): GLib-GObject-CRITICAL **: 17:43:14.297: invalid unclassed pointer in cast to 'GtkProgressBar'

(Unity:107746): Gtk-CRITICAL **: 17:43:14.297: gtk_progress_bar_set_fraction: assertion 'GTK_IS_PROGRESS_BAR (pbar)' failed

(Unity:107746): GLib-GObject-CRITICAL **: 17:43:14.297: invalid unclassed pointer in cast to 'GtkLabel'

(Unity:107746): Gtk-CRITICAL **: 17:43:14.297: gtk_label_set_text: assertion 'GTK_IS_LABEL (label)' failed

(Unity:107746): GLib-GObject-CRITICAL **: 17:43:14.399: invalid unclassed pointer in cast to 'GtkProgressBar'

(Unity:107746): Gtk-CRITICAL **: 17:43:14.399: gtk_progress_bar_set_fraction: assertion 'GTK_IS_PROGRESS_BAR (pbar)' failed

(Unity:107746): GLib-GObject-CRITICAL **: 17:43:14.399: invalid unclassed pointer in cast to 'GtkLabel'

(Unity:107746): Gtk-CRITICAL **: 17:43:14.399: gtk_label_set_text: assertion 'GTK_IS_LABEL (label)' failed

(Unity:107746): GLib-GObject-CRITICAL **: 17:43:14.501: invalid unclassed pointer in cast to 'GtkProgressBar'

(Unity:107746): Gtk-CRITICAL **: 17:43:14.501: gtk_progress_bar_set_fraction: assertion 'GTK_IS_PROGRESS_BAR (pbar)' failed

(Unity:107746): GLib-GObject-CRITICAL **: 17:43:14.501: invalid unclassed pointer in cast to 'GtkLabel'

(Unity:107746): Gtk-CRITICAL **: 17:43:14.501: gtk_label_set_text: assertion 'GTK_IS_LABEL (label)' failed

(Unity:107746): GLib-GObject-CRITICAL **: 17:43:14.605: invalid unclassed pointer in cast to 'GtkProgressBar'

(Unity:107746): Gtk-CRITICAL **: 17:43:14.605: gtk_progress_bar_set_fraction: assertion 'GTK_IS_PROGRESS_BAR (pbar)' failed

(Unity:107746): GLib-GObject-CRITICAL **: 17:43:14.605: invalid unclassed pointer in cast to 'GtkLabel'

(Unity:107746): Gtk-CRITICAL **: 17:43:14.605: gtk_label_set_text: assertion 'GTK_IS_LABEL (label)' failed

(Unity:107746): GLib-GObject-CRITICAL **: 17:43:14.713: invalid unclassed pointer in cast to 'GtkProgressBar'

(Unity:107746): Gtk-CRITICAL **: 17:43:14.713: gtk_progress_bar_set_fraction: assertion 'GTK_IS_PROGRESS_BAR (pbar)' failed

(Unity:107746): GLib-GObject-CRITICAL **: 17:43:14.713: invalid unclassed pointer in cast to 'GtkLabel'

(Unity:107746): Gtk-CRITICAL **: 17:43:14.713: gtk_label_set_text: assertion 'GTK_IS_LABEL (label)' failed

(Unity:107746): GLib-GObject-CRITICAL **: 17:43:14.851: invalid unclassed pointer in cast to 'GtkProgressBar'

(Unity:107746): Gtk-CRITICAL **: 17:43:14.851: gtk_progress_bar_set_fraction: assertion 'GTK_IS_PROGRESS_BAR (pbar)' failed

(Unity:107746): GLib-GObject-CRITICAL **: 17:43:14.851: invalid unclassed pointer in cast to 'GtkLabel'

(Unity:107746): Gtk-CRITICAL **: 17:43:14.851: gtk_label_set_text: assertion 'GTK_IS_LABEL (label)' failed

(Unity:107746): GLib-GObject-CRITICAL **: 17:43:14.963: invalid unclassed pointer in cast to 'GtkProgressBar'

(Unity:107746): Gtk-CRITICAL **: 17:43:14.973: gtk_progress_bar_set_fraction: assertion 'GTK_IS_PROGRESS_BAR (pbar)' failed

(Unity:107746): GLib-GObject-CRITICAL **: 17:43:14.973: invalid unclassed pointer in cast to 'GtkLabel'

(Unity:107746): Gtk-CRITICAL **: 17:43:14.973: gtk_label_set_text: assertion 'GTK_IS_LABEL (label)' failed

(Unity:107746): GLib-GObject-CRITICAL **: 17:43:15.084: invalid unclassed pointer in cast to 'GtkProgressBar'

(Unity:107746): Gtk-CRITICAL **: 17:43:15.084: gtk_progress_bar_set_fraction: assertion 'GTK_IS_PROGRESS_BAR (pbar)' failed

(Unity:107746): GLib-GObject-CRITICAL **: 17:43:15.084: invalid unclassed pointer in cast to 'GtkLabel'

(Unity:107746): Gtk-CRITICAL **: 17:43:15.084: gtk_label_set_text: assertion 'GTK_IS_LABEL (label)' failed

(Unity:107746): GLib-GObject-CRITICAL **: 17:43:15.188: invalid unclassed pointer in cast to 'GtkProgressBar'

(Unity:107746): Gtk-CRITICAL **: 17:43:15.188: gtk_progress_bar_set_fraction: assertion 'GTK_IS_PROGRESS_BAR (pbar)' failed

(Unity:107746): GLib-GObject-CRITICAL **: 17:43:15.188: invalid unclassed pointer in cast to 'GtkLabel'

(Unity:107746): Gtk-CRITICAL **: 17:43:15.188: gtk_label_set_text: assertion 'GTK_IS_LABEL (label)' failed

(Unity:107746): GLib-GObject-CRITICAL **: 17:43:15.291: invalid unclassed pointer in cast to 'GtkProgressBar'

(Unity:107746): Gtk-CRITICAL **: 17:43:15.291: gtk_progress_bar_set_fraction: assertion 'GTK_IS_PROGRESS_BAR (pbar)' failed

(Unity:107746): GLib-GObject-CRITICAL **: 17:43:15.291: invalid unclassed pointer in cast to 'GtkLabel'

(Unity:107746): Gtk-CRITICAL **: 17:43:15.291: gtk_label_set_text: assertion 'GTK_IS_LABEL (label)' failed

(Unity:107746): GLib-GObject-CRITICAL **: 17:43:15.405: invalid unclassed pointer in cast to 'GtkProgressBar'

(Unity:107746): Gtk-CRITICAL **: 17:43:15.405: gtk_progress_bar_set_fraction: assertion 'GTK_IS_PROGRESS_BAR (pbar)' failed

(Unity:107746): GLib-GObject-CRITICAL **: 17:43:15.405: invalid unclassed pointer in cast to 'GtkLabel'

(Unity:107746): Gtk-CRITICAL **: 17:43:15.405: gtk_label_set_text: assertion 'GTK_IS_LABEL (label)' failed

(Unity:107746): GLib-GObject-CRITICAL **: 17:43:15.510: invalid unclassed pointer in cast to 'GtkProgressBar'

(Unity:107746): Gtk-CRITICAL **: 17:43:15.510: gtk_progress_bar_set_fraction: assertion 'GTK_IS_PROGRESS_BAR (pbar)' failed

(Unity:107746): GLib-GObject-CRITICAL **: 17:43:15.510: invalid unclassed pointer in cast to 'GtkLabel'

(Unity:107746): Gtk-CRITICAL **: 17:43:15.510: gtk_label_set_text: assertion 'GTK_IS_LABEL (label)' failed

(Unity:107746): GLib-GObject-CRITICAL **: 17:43:15.725: invalid unclassed pointer in cast to 'GtkProgressBar'

(Unity:107746): Gtk-CRITICAL **: 17:43:15.725: gtk_progress_bar_set_fraction: assertion 'GTK_IS_PROGRESS_BAR (pbar)' failed

(Unity:107746): GLib-GObject-CRITICAL **: 17:43:15.725: invalid unclassed pointer in cast to 'GtkLabel'

(Unity:107746): Gtk-CRITICAL **: 17:43:15.725: gtk_label_set_text: assertion 'GTK_IS_LABEL (label)' failed

(Unity:107746): GLib-GObject-CRITICAL **: 17:43:15.919: invalid unclassed pointer in cast to 'GtkProgressBar'

(Unity:107746): Gtk-CRITICAL **: 17:43:15.919: gtk_progress_bar_set_fraction: assertion 'GTK_IS_PROGRESS_BAR (pbar)' failed

(Unity:107746): GLib-GObject-CRITICAL **: 17:43:15.919: invalid unclassed pointer in cast to 'GtkLabel'

(Unity:107746): Gtk-CRITICAL **: 17:43:15.919: gtk_label_set_text: assertion 'GTK_IS_LABEL (label)' failed

(Unity:107746): GLib-GObject-CRITICAL **: 17:43:16.032: invalid unclassed pointer in cast to 'GtkProgressBar'

(Unity:107746): Gtk-CRITICAL **: 17:43:16.032: gtk_progress_bar_set_fraction: assertion 'GTK_IS_PROGRESS_BAR (pbar)' failed

(Unity:107746): GLib-GObject-CRITICAL **: 17:43:16.032: invalid unclassed pointer in cast to 'GtkLabel'

(Unity:107746): Gtk-CRITICAL **: 17:43:16.032: gtk_label_set_text: assertion 'GTK_IS_LABEL (label)' failed

(Unity:107746): GLib-GObject-CRITICAL **: 17:43:16.281: invalid unclassed pointer in cast to 'GtkProgressBar'

(Unity:107746): Gtk-CRITICAL **: 17:43:16.281: gtk_progress_bar_set_fraction: assertion 'GTK_IS_PROGRESS_BAR (pbar)' failed

(Unity:107746): GLib-GObject-CRITICAL **: 17:43:16.281: invalid unclassed pointer in cast to 'GtkLabel'

(Unity:107746): Gtk-CRITICAL **: 17:43:16.281: gtk_label_set_text: assertion 'GTK_IS_LABEL (label)' failed

(Unity:107746): GLib-GObject-CRITICAL **: 17:43:16.617: invalid unclassed pointer in cast to 'GtkProgressBar'

(Unity:107746): Gtk-CRITICAL **: 17:43:16.617: gtk_progress_bar_set_fraction: assertion 'GTK_IS_PROGRESS_BAR (pbar)' failed

(Unity:107746): GLib-GObject-CRITICAL **: 17:43:16.617: invalid unclassed pointer in cast to 'GtkLabel'

(Unity:107746): Gtk-CRITICAL **: 17:43:16.617: gtk_label_set_text: assertion 'GTK_IS_LABEL (label)' failed

(Unity:107746): GLib-GObject-CRITICAL **: 17:43:16.921: invalid unclassed pointer in cast to 'GtkProgressBar'

(Unity:107746): Gtk-CRITICAL **: 17:43:16.921: gtk_progress_bar_set_fraction: assertion 'GTK_IS_PROGRESS_BAR (pbar)' failed

(Unity:107746): GLib-GObject-CRITICAL **: 17:43:16.921: invalid unclassed pointer in cast to 'GtkLabel'

(Unity:107746): Gtk-CRITICAL **: 17:43:16.921: gtk_label_set_text: assertion 'GTK_IS_LABEL (label)' failed

(Unity:107746): GLib-GObject-CRITICAL **: 17:43:17.039: invalid unclassed pointer in cast to 'GtkProgressBar'

(Unity:107746): Gtk-CRITICAL **: 17:43:17.039: gtk_progress_bar_set_fraction: assertion 'GTK_IS_PROGRESS_BAR (pbar)' failed

(Unity:107746): GLib-GObject-CRITICAL **: 17:43:17.039: invalid unclassed pointer in cast to 'GtkLabel'

(Unity:107746): Gtk-CRITICAL **: 17:43:17.039: gtk_label_set_text: assertion 'GTK_IS_LABEL (label)' failed

(Unity:107746): GLib-GObject-CRITICAL **: 17:43:17.476: invalid unclassed pointer in cast to 'GtkProgressBar'

(Unity:107746): Gtk-CRITICAL **: 17:43:17.476: gtk_progress_bar_set_fraction: assertion 'GTK_IS_PROGRESS_BAR (pbar)' failed

(Unity:107746): GLib-GObject-CRITICAL **: 17:43:17.476: invalid unclassed pointer in cast to 'GtkLabel'

(Unity:107746): Gtk-CRITICAL **: 17:43:17.476: gtk_label_set_text: assertion 'GTK_IS_LABEL (label)' failed

(Unity:107746): GLib-GObject-CRITICAL **: 17:43:17.808: invalid unclassed pointer in cast to 'GtkProgressBar'

(Unity:107746): Gtk-CRITICAL **: 17:43:17.808: gtk_progress_bar_set_fraction: assertion 'GTK_IS_PROGRESS_BAR (pbar)' failed

(Unity:107746): GLib-GObject-CRITICAL **: 17:43:17.808: invalid unclassed pointer in cast to 'GtkLabel'

(Unity:107746): Gtk-CRITICAL **: 17:43:17.808: gtk_label_set_text: assertion 'GTK_IS_LABEL (label)' failed

(Unity:107746): GLib-GObject-CRITICAL **: 17:43:17.913: invalid unclassed pointer in cast to 'GtkProgressBar'

(Unity:107746): Gtk-CRITICAL **: 17:43:17.913: gtk_progress_bar_set_fraction: assertion 'GTK_IS_PROGRESS_BAR (pbar)' failed

(Unity:107746): GLib-GObject-CRITICAL **: 17:43:17.913: invalid unclassed pointer in cast to 'GtkLabel'

(Unity:107746): Gtk-CRITICAL **: 17:43:17.913: gtk_label_set_text: assertion 'GTK_IS_LABEL (label)' failed

(Unity:107746): GLib-GObject-CRITICAL **: 17:43:18.019: invalid unclassed pointer in cast to 'GtkProgressBar'

(Unity:107746): Gtk-CRITICAL **: 17:43:18.019: gtk_progress_bar_set_fraction: assertion 'GTK_IS_PROGRESS_BAR (pbar)' failed

(Unity:107746): GLib-GObject-CRITICAL **: 17:43:18.019: invalid unclassed pointer in cast to 'GtkLabel'

(Unity:107746): Gtk-CRITICAL **: 17:43:18.019: gtk_label_set_text: assertion 'GTK_IS_LABEL (label)' failed

(Unity:107746): GLib-GObject-CRITICAL **: 17:43:18.124: invalid unclassed pointer in cast to 'GtkProgressBar'

(Unity:107746): Gtk-CRITICAL **: 17:43:18.124: gtk_progress_bar_set_fraction: assertion 'GTK_IS_PROGRESS_BAR (pbar)' failed

(Unity:107746): GLib-GObject-CRITICAL **: 17:43:18.124: invalid unclassed pointer in cast to 'GtkLabel'

(Unity:107746): Gtk-CRITICAL **: 17:43:18.124: gtk_label_set_text: assertion 'GTK_IS_LABEL (label)' failed

(Unity:107746): GLib-GObject-CRITICAL **: 17:43:18.230: invalid unclassed pointer in cast to 'GtkProgressBar'

(Unity:107746): Gtk-CRITICAL **: 17:43:18.231: gtk_progress_bar_set_fraction: assertion 'GTK_IS_PROGRESS_BAR (pbar)' failed

(Unity:107746): GLib-GObject-CRITICAL **: 17:43:18.231: invalid unclassed pointer in cast to 'GtkLabel'

(Unity:107746): Gtk-CRITICAL **: 17:43:18.231: gtk_label_set_text: assertion 'GTK_IS_LABEL (label)' failed

(Unity:107746): GLib-GObject-CRITICAL **: 17:43:18.389: invalid unclassed pointer in cast to 'GtkProgressBar'

(Unity:107746): Gtk-CRITICAL **: 17:43:18.389: gtk_progress_bar_set_fraction: assertion 'GTK_IS_PROGRESS_BAR (pbar)' failed

(Unity:107746): GLib-GObject-CRITICAL **: 17:43:18.389: invalid unclassed pointer in cast to 'GtkLabel'

(Unity:107746): Gtk-CRITICAL **: 17:43:18.389: gtk_label_set_text: assertion 'GTK_IS_LABEL (label)' failed

(Unity:107746): GLib-GObject-CRITICAL **: 17:43:18.505: invalid unclassed pointer in cast to 'GtkProgressBar'

(Unity:107746): Gtk-CRITICAL **: 17:43:18.505: gtk_progress_bar_set_fraction: assertion 'GTK_IS_PROGRESS_BAR (pbar)' failed

(Unity:107746): GLib-GObject-CRITICAL **: 17:43:18.505: invalid unclassed pointer in cast to 'GtkLabel'

(Unity:107746): Gtk-CRITICAL **: 17:43:18.505: gtk_label_set_text: assertion 'GTK_IS_LABEL (label)' failed

(Unity:107746): GLib-GObject-CRITICAL **: 17:43:18.609: invalid unclassed pointer in cast to 'GtkProgressBar'

(Unity:107746): Gtk-CRITICAL **: 17:43:18.611: gtk_progress_bar_set_fraction: assertion 'GTK_IS_PROGRESS_BAR (pbar)' failed

(Unity:107746): GLib-GObject-CRITICAL **: 17:43:18.612: invalid unclassed pointer in cast to 'GtkLabel'

(Unity:107746): Gtk-CRITICAL **: 17:43:18.612: gtk_label_set_text: assertion 'GTK_IS_LABEL (label)' failed

(Unity:107746): GLib-GObject-CRITICAL **: 17:43:18.723: invalid unclassed pointer in cast to 'GtkProgressBar'

(Unity:107746): Gtk-CRITICAL **: 17:43:18.724: gtk_progress_bar_set_fraction: assertion 'GTK_IS_PROGRESS_BAR (pbar)' failed

(Unity:107746): GLib-GObject-CRITICAL **: 17:43:18.724: invalid unclassed pointer in cast to 'GtkLabel'

(Unity:107746): Gtk-CRITICAL **: 17:43:18.724: gtk_label_set_text: assertion 'GTK_IS_LABEL (label)' failed

(Unity:107746): GLib-GObject-CRITICAL **: 17:43:18.826: invalid unclassed pointer in cast to 'GtkProgressBar'

(Unity:107746): Gtk-CRITICAL **: 17:43:18.826: gtk_progress_bar_set_fraction: assertion 'GTK_IS_PROGRESS_BAR (pbar)' failed

(Unity:107746): GLib-GObject-CRITICAL **: 17:43:18.826: invalid unclassed pointer in cast to 'GtkLabel'

(Unity:107746): Gtk-CRITICAL **: 17:43:18.826: gtk_label_set_text: assertion 'GTK_IS_LABEL (label)' failed

(Unity:107746): GLib-GObject-CRITICAL **: 17:43:18.929: invalid unclassed pointer in cast to 'GtkProgressBar'

(Unity:107746): Gtk-CRITICAL **: 17:43:18.929: gtk_progress_bar_set_fraction: assertion 'GTK_IS_PROGRESS_BAR (pbar)' failed

(Unity:107746): GLib-GObject-CRITICAL **: 17:43:18.929: invalid unclassed pointer in cast to 'GtkLabel'

(Unity:107746): Gtk-CRITICAL **: 17:43:18.929: gtk_label_set_text: assertion 'GTK_IS_LABEL (label)' failed

(Unity:107746): GLib-GObject-CRITICAL **: 17:43:19.031: invalid unclassed pointer in cast to 'GtkProgressBar'

(Unity:107746): Gtk-CRITICAL **: 17:43:19.031: gtk_progress_bar_set_fraction: assertion 'GTK_IS_PROGRESS_BAR (pbar)' failed

(Unity:107746): GLib-GObject-CRITICAL **: 17:43:19.031: invalid unclassed pointer in cast to 'GtkLabel'

(Unity:107746): Gtk-CRITICAL **: 17:43:19.031: gtk_label_set_text: assertion 'GTK_IS_LABEL (label)' failed

(Unity:107746): GLib-GObject-CRITICAL **: 17:43:19.199: invalid unclassed pointer in cast to 'GtkProgressBar'

(Unity:107746): Gtk-CRITICAL **: 17:43:19.200: gtk_progress_bar_set_fraction: assertion 'GTK_IS_PROGRESS_BAR (pbar)' failed

(Unity:107746): GLib-GObject-CRITICAL **: 17:43:19.200: invalid unclassed pointer in cast to 'GtkLabel'

(Unity:107746): Gtk-CRITICAL **: 17:43:19.200: gtk_label_set_text: assertion 'GTK_IS_LABEL (label)' failed

(Unity:107746): GLib-GObject-CRITICAL **: 17:43:19.306: invalid unclassed pointer in cast to 'GtkProgressBar'

(Unity:107746): Gtk-CRITICAL **: 17:43:19.306: gtk_progress_bar_set_fraction: assertion 'GTK_IS_PROGRESS_BAR (pbar)' failed

(Unity:107746): GLib-GObject-CRITICAL **: 17:43:19.306: invalid unclassed pointer in cast to 'GtkLabel'

(Unity:107746): Gtk-CRITICAL **: 17:43:19.306: gtk_label_set_text: assertion 'GTK_IS_LABEL (label)' failed

(Unity:107746): GLib-GObject-CRITICAL **: 17:43:19.409: invalid unclassed pointer in cast to 'GtkProgressBar'

(Unity:107746): Gtk-CRITICAL **: 17:43:19.409: gtk_progress_bar_set_fraction: assertion 'GTK_IS_PROGRESS_BAR (pbar)' failed

(Unity:107746): GLib-GObject-CRITICAL **: 17:43:19.409: invalid unclassed pointer in cast to 'GtkLabel'

(Unity:107746): Gtk-CRITICAL **: 17:43:19.409: gtk_label_set_text: assertion 'GTK_IS_LABEL (label)' failed

(Unity:107746): GLib-GObject-CRITICAL **: 17:43:19.539: invalid unclassed pointer in cast to 'GtkProgressBar'

(Unity:107746): Gtk-CRITICAL **: 17:43:19.539: gtk_progress_bar_set_fraction: assertion 'GTK_IS_PROGRESS_BAR (pbar)' failed

(Unity:107746): GLib-GObject-CRITICAL **: 17:43:19.539: invalid unclassed pointer in cast to 'GtkLabel'

(Unity:107746): Gtk-CRITICAL **: 17:43:19.539: gtk_label_set_text: assertion 'GTK_IS_LABEL (label)' failed

(Unity:107746): GLib-GObject-CRITICAL **: 17:43:19.642: invalid unclassed pointer in cast to 'GtkProgressBar'

(Unity:107746): Gtk-CRITICAL **: 17:43:19.642: gtk_progress_bar_set_fraction: assertion 'GTK_IS_PROGRESS_BAR (pbar)' failed

(Unity:107746): GLib-GObject-CRITICAL **: 17:43:19.642: invalid unclassed pointer in cast to 'GtkLabel'

(Unity:107746): Gtk-CRITICAL **: 17:43:19.642: gtk_label_set_text: assertion 'GTK_IS_LABEL (label)' failed

(Unity:107746): GLib-GObject-CRITICAL **: 17:43:19.743: invalid unclassed pointer in cast to 'GtkProgressBar'

(Unity:107746): Gtk-CRITICAL **: 17:43:19.743: gtk_progress_bar_set_fraction: assertion 'GTK_IS_PROGRESS_BAR (pbar)' failed

(Unity:107746): GLib-GObject-CRITICAL **: 17:43:19.743: invalid unclassed pointer in cast to 'GtkLabel'

(Unity:107746): Gtk-CRITICAL **: 17:43:19.743: gtk_label_set_text: assertion 'GTK_IS_LABEL (label)' failed

(Unity:107746): GLib-GObject-CRITICAL **: 17:43:19.848: invalid unclassed pointer in cast to 'GtkProgressBar'

(Unity:107746): Gtk-CRITICAL **: 17:43:19.848: gtk_progress_bar_set_fraction: assertion 'GTK_IS_PROGRESS_BAR (pbar)' failed

(Unity:107746): GLib-GObject-CRITICAL **: 17:43:19.848: invalid unclassed pointer in cast to 'GtkLabel'

(Unity:107746): Gtk-CRITICAL **: 17:43:19.848: gtk_label_set_text: assertion 'GTK_IS_LABEL (label)' failed

(Unity:107746): GLib-GObject-CRITICAL **: 17:43:19.967: invalid unclassed pointer in cast to 'GtkProgressBar'

(Unity:107746): Gtk-CRITICAL **: 17:43:19.967: gtk_progress_bar_set_fraction: assertion 'GTK_IS_PROGRESS_BAR (pbar)' failed

(Unity:107746): GLib-GObject-CRITICAL **: 17:43:19.967: invalid unclassed pointer in cast to 'GtkLabel'

(Unity:107746): Gtk-CRITICAL **: 17:43:19.967: gtk_label_set_text: assertion 'GTK_IS_LABEL (label)' failed

(Unity:107746): GLib-GObject-CRITICAL **: 17:43:20.081: invalid unclassed pointer in cast to 'GtkProgressBar'

(Unity:107746): Gtk-CRITICAL **: 17:43:20.081: gtk_progress_bar_set_fraction: assertion 'GTK_IS_PROGRESS_BAR (pbar)' failed

(Unity:107746): GLib-GObject-CRITICAL **: 17:43:20.081: invalid unclassed pointer in cast to 'GtkLabel'

(Unity:107746): Gtk-CRITICAL **: 17:43:20.081: gtk_label_set_text: assertion 'GTK_IS_LABEL (label)' failed

(Unity:107746): GLib-GObject-CRITICAL **: 17:43:20.203: invalid unclassed pointer in cast to 'GtkProgressBar'

(Unity:107746): Gtk-CRITICAL **: 17:43:20.203: gtk_progress_bar_set_fraction: assertion 'GTK_IS_PROGRESS_BAR (pbar)' failed

(Unity:107746): GLib-GObject-CRITICAL **: 17:43:20.203: invalid unclassed pointer in cast to 'GtkLabel'

(Unity:107746): Gtk-CRITICAL **: 17:43:20.203: gtk_label_set_text: assertion 'GTK_IS_LABEL (label)' failed

(Unity:107746): GLib-GObject-CRITICAL **: 17:43:20.307: invalid unclassed pointer in cast to 'GtkProgressBar'

(Unity:107746): Gtk-CRITICAL **: 17:43:20.307: gtk_progress_bar_set_fraction: assertion 'GTK_IS_PROGRESS_BAR (pbar)' failed

(Unity:107746): GLib-GObject-CRITICAL **: 17:43:20.307: invalid unclassed pointer in cast to 'GtkLabel'

(Unity:107746): Gtk-CRITICAL **: 17:43:20.307: gtk_label_set_text: assertion 'GTK_IS_LABEL (label)' failed

(Unity:107746): GLib-GObject-CRITICAL **: 17:43:20.413: invalid unclassed pointer in cast to 'GtkProgressBar'

(Unity:107746): Gtk-CRITICAL **: 17:43:20.413: gtk_progress_bar_set_fraction: assertion 'GTK_IS_PROGRESS_BAR (pbar)' failed

(Unity:107746): GLib-GObject-CRITICAL **: 17:43:20.413: invalid unclassed pointer in cast to 'GtkLabel'

(Unity:107746): Gtk-CRITICAL **: 17:43:20.413: gtk_label_set_text: assertion 'GTK_IS_LABEL (label)' failed

(Unity:107746): GLib-GObject-CRITICAL **: 17:43:20.516: invalid unclassed pointer in cast to 'GtkProgressBar'

(Unity:107746): Gtk-CRITICAL **: 17:43:20.516: gtk_progress_bar_set_fraction: assertion 'GTK_IS_PROGRESS_BAR (pbar)' failed

(Unity:107746): GLib-GObject-CRITICAL **: 17:43:20.516: invalid unclassed pointer in cast to 'GtkLabel'

(Unity:107746): Gtk-CRITICAL **: 17:43:20.516: gtk_label_set_text: assertion 'GTK_IS_LABEL (label)' failed

(Unity:107746): GLib-GObject-CRITICAL **: 17:43:20.621: invalid unclassed pointer in cast to 'GtkProgressBar'

(Unity:107746): Gtk-CRITICAL **: 17:43:20.621: gtk_progress_bar_set_fraction: assertion 'GTK_IS_PROGRESS_BAR (pbar)' failed

(Unity:107746): GLib-GObject-CRITICAL **: 17:43:20.621: invalid unclassed pointer in cast to 'GtkLabel'

(Unity:107746): Gtk-CRITICAL **: 17:43:20.621: gtk_label_set_text: assertion 'GTK_IS_LABEL (label)' failed

(Unity:107746): GLib-GObject-CRITICAL **: 17:43:20.757: invalid unclassed pointer in cast to 'GtkProgressBar'

(Unity:107746): Gtk-CRITICAL **: 17:43:20.757: gtk_progress_bar_set_fraction: assertion 'GTK_IS_PROGRESS_BAR (pbar)' failed

(Unity:107746): GLib-GObject-CRITICAL **: 17:43:20.757: invalid unclassed pointer in cast to 'GtkLabel'

(Unity:107746): Gtk-CRITICAL **: 17:43:20.757: gtk_label_set_text: assertion 'GTK_IS_LABEL (label)' failed

(Unity:107746): GLib-GObject-CRITICAL **: 17:43:21.224: invalid unclassed pointer in cast to 'GtkProgressBar'

(Unity:107746): Gtk-CRITICAL **: 17:43:21.224: gtk_progress_bar_set_fraction: assertion 'GTK_IS_PROGRESS_BAR (pbar)' failed

(Unity:107746): GLib-GObject-CRITICAL **: 17:43:21.224: invalid unclassed pointer in cast to 'GtkLabel'

(Unity:107746): Gtk-CRITICAL **: 17:43:21.224: gtk_label_set_text: assertion 'GTK_IS_LABEL (label)' failed

(Unity:107746): GLib-GObject-CRITICAL **: 17:43:21.547: invalid unclassed pointer in cast to 'GtkProgressBar'

(Unity:107746): Gtk-CRITICAL **: 17:43:21.548: gtk_progress_bar_set_fraction: assertion 'GTK_IS_PROGRESS_BAR (pbar)' failed

(Unity:107746): GLib-GObject-CRITICAL **: 17:43:21.548: invalid unclassed pointer in cast to 'GtkLabel'

(Unity:107746): Gtk-CRITICAL **: 17:43:21.548: gtk_label_set_text: assertion 'GTK_IS_LABEL (label)' failed

(Unity:107746): GLib-GObject-CRITICAL **: 17:43:21.931: invalid unclassed pointer in cast to 'GtkProgressBar'

(Unity:107746): Gtk-CRITICAL **: 17:43:21.931: gtk_progress_bar_set_fraction: assertion 'GTK_IS_PROGRESS_BAR (pbar)' failed

(Unity:107746): GLib-GObject-CRITICAL **: 17:43:21.931: invalid unclassed pointer in cast to 'GtkLabel'

(Unity:107746): Gtk-CRITICAL **: 17:43:21.931: gtk_label_set_text: assertion 'GTK_IS_LABEL (label)' failed

(Unity:107746): GLib-GObject-CRITICAL **: 17:43:22.033: invalid unclassed pointer in cast to 'GtkProgressBar'

(Unity:107746): Gtk-CRITICAL **: 17:43:22.033: gtk_progress_bar_set_fraction: assertion 'GTK_IS_PROGRESS_BAR (pbar)' failed

(Unity:107746): GLib-GObject-CRITICAL **: 17:43:22.033: invalid unclassed pointer in cast to 'GtkLabel'

(Unity:107746): Gtk-CRITICAL **: 17:43:22.033: gtk_label_set_text: assertion 'GTK_IS_LABEL (label)' failed

(Unity:107746): GLib-GObject-CRITICAL **: 17:43:22.159: invalid unclassed pointer in cast to 'GtkProgressBar'

(Unity:107746): Gtk-CRITICAL **: 17:43:22.159: gtk_progress_bar_set_fraction: assertion 'GTK_IS_PROGRESS_BAR (pbar)' failed

(Unity:107746): GLib-GObject-CRITICAL **: 17:43:22.159: invalid unclassed pointer in cast to 'GtkLabel'

(Unity:107746): Gtk-CRITICAL **: 17:43:22.159: gtk_label_set_text: assertion 'GTK_IS_LABEL (label)' failed

(Unity:107746): GLib-GObject-CRITICAL **: 17:43:22.280: invalid unclassed pointer in cast to 'GtkProgressBar'

(Unity:107746): Gtk-CRITICAL **: 17:43:22.280: gtk_progress_bar_set_fraction: assertion 'GTK_IS_PROGRESS_BAR (pbar)' failed

(Unity:107746): GLib-GObject-CRITICAL **: 17:43:22.280: invalid unclassed pointer in cast to 'GtkLabel'

(Unity:107746): Gtk-CRITICAL **: 17:43:22.280: gtk_label_set_text: assertion 'GTK_IS_LABEL (label)' failed

(Unity:107746): GLib-GObject-CRITICAL **: 17:43:22.386: invalid unclassed pointer in cast to 'GtkProgressBar'

(Unity:107746): Gtk-CRITICAL **: 17:43:22.386: gtk_progress_bar_set_fraction: assertion 'GTK_IS_PROGRESS_BAR (pbar)' failed

(Unity:107746): GLib-GObject-CRITICAL **: 17:43:22.386: invalid unclassed pointer in cast to 'GtkLabel'

(Unity:107746): Gtk-CRITICAL **: 17:43:22.386: gtk_label_set_text: assertion 'GTK_IS_LABEL (label)' failed

(Unity:107746): GLib-GObject-CRITICAL **: 17:43:22.489: invalid unclassed pointer in cast to 'GtkProgressBar'

(Unity:107746): Gtk-CRITICAL **: 17:43:22.489: gtk_progress_bar_set_fraction: assertion 'GTK_IS_PROGRESS_BAR (pbar)' failed

(Unity:107746): GLib-GObject-CRITICAL **: 17:43:22.489: invalid unclassed pointer in cast to 'GtkLabel'

(Unity:107746): Gtk-CRITICAL **: 17:43:22.489: gtk_label_set_text: assertion 'GTK_IS_LABEL (label)' failed

(Unity:107746): GLib-GObject-CRITICAL **: 17:43:22.704: invalid unclassed pointer in cast to 'GtkProgressBar'

(Unity:107746): Gtk-CRITICAL **: 17:43:22.704: gtk_progress_bar_set_fraction: assertion 'GTK_IS_PROGRESS_BAR (pbar)' failed

(Unity:107746): GLib-GObject-CRITICAL **: 17:43:22.704: invalid unclassed pointer in cast to 'GtkLabel'

(Unity:107746): Gtk-CRITICAL **: 17:43:22.704: gtk_label_set_text: assertion 'GTK_IS_LABEL (label)' failed

(Unity:107746): GLib-GObject-CRITICAL **: 17:43:22.807: invalid unclassed pointer in cast to 'GtkProgressBar'

(Unity:107746): Gtk-CRITICAL **: 17:43:22.807: gtk_progress_bar_set_fraction: assertion 'GTK_IS_PROGRESS_BAR (pbar)' failed

(Unity:107746): GLib-GObject-CRITICAL **: 17:43:22.807: invalid unclassed pointer in cast to 'GtkLabel'

(Unity:107746): Gtk-CRITICAL **: 17:43:22.807: gtk_label_set_text: assertion 'GTK_IS_LABEL (label)' failed

(Unity:107746): GLib-GObject-CRITICAL **: 17:43:24.040: invalid unclassed pointer in cast to 'GtkProgressBar'

(Unity:107746): Gtk-CRITICAL **: 17:43:24.040: gtk_progress_bar_set_fraction: assertion 'GTK_IS_PROGRESS_BAR (pbar)' failed

(Unity:107746): GLib-GObject-CRITICAL **: 17:43:24.040: invalid unclassed pointer in cast to 'GtkLabel'

(Unity:107746): Gtk-CRITICAL **: 17:43:24.040: gtk_label_set_text: assertion 'GTK_IS_LABEL (label)' failed

(Unity:107746): GLib-GObject-CRITICAL **: 17:43:24.537: invalid unclassed pointer in cast to 'GtkProgressBar'

(Unity:107746): Gtk-CRITICAL **: 17:43:24.538: gtk_progress_bar_set_fraction: assertion 'GTK_IS_PROGRESS_BAR (pbar)' failed

(Unity:107746): GLib-GObject-CRITICAL **: 17:43:24.538: invalid unclassed pointer in cast to 'GtkLabel'

(Unity:107746): Gtk-CRITICAL **: 17:43:24.538: gtk_label_set_text: assertion 'GTK_IS_LABEL (label)' failed

(Unity:107746): GLib-GObject-CRITICAL **: 17:43:24.895: invalid unclassed pointer in cast to 'GtkProgressBar'

(Unity:107746): Gtk-CRITICAL **: 17:43:24.895: gtk_progress_bar_set_fraction: assertion 'GTK_IS_PROGRESS_BAR (pbar)' failed

(Unity:107746): GLib-GObject-CRITICAL **: 17:43:24.895: invalid unclassed pointer in cast to 'GtkLabel'

(Unity:107746): Gtk-CRITICAL **: 17:43:24.895: gtk_label_set_text: assertion 'GTK_IS_LABEL (label)' failed

(Unity:107746): GLib-GObject-CRITICAL **: 17:43:25.328: invalid unclassed pointer in cast to 'GtkProgressBar'

(Unity:107746): Gtk-CRITICAL **: 17:43:25.328: gtk_progress_bar_set_fraction: assertion 'GTK_IS_PROGRESS_BAR (pbar)' failed

(Unity:107746): GLib-GObject-CRITICAL **: 17:43:25.328: invalid unclassed pointer in cast to 'GtkLabel'

(Unity:107746): Gtk-CRITICAL **: 17:43:25.328: gtk_label_set_text: assertion 'GTK_IS_LABEL (label)' failed

(Unity:107746): GLib-GObject-CRITICAL **: 17:43:25.942: invalid unclassed pointer in cast to 'GtkProgressBar'

(Unity:107746): Gtk-CRITICAL **: 17:43:25.942: gtk_progress_bar_set_fraction: assertion 'GTK_IS_PROGRESS_BAR (pbar)' failed

(Unity:107746): GLib-GObject-CRITICAL **: 17:43:25.942: invalid unclassed pointer in cast to 'GtkLabel'

(Unity:107746): Gtk-CRITICAL **: 17:43:25.942: gtk_label_set_text: assertion 'GTK_IS_LABEL (label)' failed

(Unity:107746): GLib-GObject-CRITICAL **: 17:43:26.465: invalid unclassed pointer in cast to 'GtkProgressBar'

(Unity:107746): Gtk-CRITICAL **: 17:43:26.465: gtk_progress_bar_set_fraction: assertion 'GTK_IS_PROGRESS_BAR (pbar)' failed

(Unity:107746): GLib-GObject-CRITICAL **: 17:43:26.465: invalid unclassed pointer in cast to 'GtkLabel'

(Unity:107746): Gtk-CRITICAL **: 17:43:26.465: gtk_label_set_text: assertion 'GTK_IS_LABEL (label)' failed

(Unity:107746): GLib-GObject-CRITICAL **: 17:43:26.628: invalid unclassed pointer in cast to 'GtkProgressBar'

(Unity:107746): Gtk-CRITICAL **: 17:43:26.628: gtk_progress_bar_set_fraction: assertion 'GTK_IS_PROGRESS_BAR (pbar)' failed

(Unity:107746): GLib-GObject-CRITICAL **: 17:43:26.628: invalid unclassed pointer in cast to 'GtkLabel'

(Unity:107746): Gtk-CRITICAL **: 17:43:26.628: gtk_label_set_text: assertion 'GTK_IS_LABEL (label)' failed

(Unity:107746): GLib-GObject-CRITICAL **: 17:43:26.757: invalid unclassed pointer in cast to 'GtkProgressBar'

(Unity:107746): Gtk-CRITICAL **: 17:43:26.757: gtk_progress_bar_set_fraction: assertion 'GTK_IS_PROGRESS_BAR (pbar)' failed

(Unity:107746): GLib-GObject-CRITICAL **: 17:43:26.757: invalid unclassed pointer in cast to 'GtkLabel'

(Unity:107746): Gtk-CRITICAL **: 17:43:26.757: gtk_label_set_text: assertion 'GTK_IS_LABEL (label)' failed

(Unity:107746): GLib-GObject-CRITICAL **: 17:43:26.934: invalid unclassed pointer in cast to 'GtkProgressBar'

(Unity:107746): Gtk-CRITICAL **: 17:43:26.934: gtk_progress_bar_set_fraction: assertion 'GTK_IS_PROGRESS_BAR (pbar)' failed

(Unity:107746): GLib-GObject-CRITICAL **: 17:43:26.934: invalid unclassed pointer in cast to 'GtkLabel'

(Unity:107746): Gtk-CRITICAL **: 17:43:26.934: gtk_label_set_text: assertion 'GTK_IS_LABEL (label)' failed

(Unity:107746): GLib-GObject-CRITICAL **: 17:43:27.043: invalid unclassed pointer in cast to 'GtkProgressBar'

(Unity:107746): Gtk-CRITICAL **: 17:43:27.043: gtk_progress_bar_set_fraction: assertion 'GTK_IS_PROGRESS_BAR (pbar)' failed

(Unity:107746): GLib-GObject-CRITICAL **: 17:43:27.043: invalid unclassed pointer in cast to 'GtkLabel'

(Unity:107746): Gtk-CRITICAL **: 17:43:27.043: gtk_label_set_text: assertion 'GTK_IS_LABEL (label)' failed

(Unity:107746): GLib-GObject-CRITICAL **: 17:43:27.226: invalid unclassed pointer in cast to 'GtkProgressBar'

(Unity:107746): Gtk-CRITICAL **: 17:43:27.226: gtk_progress_bar_set_fraction: assertion 'GTK_IS_PROGRESS_BAR (pbar)' failed

(Unity:107746): GLib-GObject-CRITICAL **: 17:43:27.226: invalid unclassed pointer in cast to 'GtkLabel'

(Unity:107746): Gtk-CRITICAL **: 17:43:27.226: gtk_label_set_text: assertion 'GTK_IS_LABEL (label)' failed

(Unity:107746): GLib-GObject-CRITICAL **: 17:43:27.333: invalid unclassed pointer in cast to 'GtkProgressBar'

(Unity:107746): Gtk-CRITICAL **: 17:43:27.333: gtk_progress_bar_set_fraction: assertion 'GTK_IS_PROGRESS_BAR (pbar)' failed

(Unity:107746): GLib-GObject-CRITICAL **: 17:43:27.333: invalid unclassed pointer in cast to 'GtkLabel'

(Unity:107746): Gtk-CRITICAL **: 17:43:27.333: gtk_label_set_text: assertion 'GTK_IS_LABEL (label)' failed

(Unity:107746): GLib-GObject-CRITICAL **: 17:43:27.511: invalid unclassed pointer in cast to 'GtkProgressBar'

(Unity:107746): Gtk-CRITICAL **: 17:43:27.512: gtk_progress_bar_set_fraction: assertion 'GTK_IS_PROGRESS_BAR (pbar)' failed

(Unity:107746): GLib-GObject-CRITICAL **: 17:43:27.512: invalid unclassed pointer in cast to 'GtkLabel'

(Unity:107746): Gtk-CRITICAL **: 17:43:27.512: gtk_label_set_text: assertion 'GTK_IS_LABEL (label)' failed

(Unity:107746): GLib-GObject-CRITICAL **: 17:43:27.621: invalid unclassed pointer in cast to 'GtkProgressBar'

(Unity:107746): Gtk-CRITICAL **: 17:43:27.621: gtk_progress_bar_set_fraction: assertion 'GTK_IS_PROGRESS_BAR (pbar)' failed

(Unity:107746): GLib-GObject-CRITICAL **: 17:43:27.621: invalid unclassed pointer in cast to 'GtkLabel'

(Unity:107746): Gtk-CRITICAL **: 17:43:27.622: gtk_label_set_text: assertion 'GTK_IS_LABEL (label)' failed

(Unity:107746): GLib-GObject-CRITICAL **: 17:43:27.724: invalid unclassed pointer in cast to 'GtkProgressBar'

(Unity:107746): Gtk-CRITICAL **: 17:43:27.725: gtk_progress_bar_set_fraction: assertion 'GTK_IS_PROGRESS_BAR (pbar)' failed

(Unity:107746): GLib-GObject-CRITICAL **: 17:43:27.725: invalid unclassed pointer in cast to 'GtkLabel'

(Unity:107746): Gtk-CRITICAL **: 17:43:27.725: gtk_label_set_text: assertion 'GTK_IS_LABEL (label)' failed

(Unity:107746): GLib-GObject-CRITICAL **: 17:43:27.836: invalid unclassed pointer in cast to 'GtkProgressBar'

(Unity:107746): Gtk-CRITICAL **: 17:43:27.836: gtk_progress_bar_set_fraction: assertion 'GTK_IS_PROGRESS_BAR (pbar)' failed

(Unity:107746): GLib-GObject-CRITICAL **: 17:43:27.836: invalid unclassed pointer in cast to 'GtkLabel'

(Unity:107746): Gtk-CRITICAL **: 17:43:27.836: gtk_label_set_text: assertion 'GTK_IS_LABEL (label)' failed

(Unity:107746): GLib-GObject-CRITICAL **: 17:43:27.941: invalid unclassed pointer in cast to 'GtkProgressBar'

(Unity:107746): Gtk-CRITICAL **: 17:43:27.941: gtk_progress_bar_set_fraction: assertion 'GTK_IS_PROGRESS_BAR (pbar)' failed

(Unity:107746): GLib-GObject-CRITICAL **: 17:43:27.941: invalid unclassed pointer in cast to 'GtkLabel'

(Unity:107746): Gtk-CRITICAL **: 17:43:27.941: gtk_label_set_text: assertion 'GTK_IS_LABEL (label)' failed

(Unity:107746): GLib-GObject-CRITICAL **: 17:43:28.044: invalid unclassed pointer in cast to 'GtkProgressBar'

(Unity:107746): Gtk-CRITICAL **: 17:43:28.044: gtk_progress_bar_set_fraction: assertion 'GTK_IS_PROGRESS_BAR (pbar)' failed

(Unity:107746): GLib-GObject-CRITICAL **: 17:43:28.044: invalid unclassed pointer in cast to 'GtkLabel'

(Unity:107746): Gtk-CRITICAL **: 17:43:28.044: gtk_label_set_text: assertion 'GTK_IS_LABEL (label)' failed

(Unity:107746): GLib-GObject-CRITICAL **: 17:43:28.146: invalid unclassed pointer in cast to 'GtkProgressBar'

(Unity:107746): Gtk-CRITICAL **: 17:43:28.146: gtk_progress_bar_set_fraction: assertion 'GTK_IS_PROGRESS_BAR (pbar)' failed

(Unity:107746): GLib-GObject-CRITICAL **: 17:43:28.146: invalid unclassed pointer in cast to 'GtkLabel'

(Unity:107746): Gtk-CRITICAL **: 17:43:28.146: gtk_label_set_text: assertion 'GTK_IS_LABEL (label)' failed

(Unity:107746): GLib-GObject-CRITICAL **: 17:43:28.249: invalid unclassed pointer in cast to 'GtkProgressBar'

(Unity:107746): Gtk-CRITICAL **: 17:43:28.249: gtk_progress_bar_set_fraction: assertion 'GTK_IS_PROGRESS_BAR (pbar)' failed

(Unity:107746): GLib-GObject-CRITICAL **: 17:43:28.249: invalid unclassed pointer in cast to 'GtkLabel'

(Unity:107746): Gtk-CRITICAL **: 17:43:28.249: gtk_label_set_text: assertion 'GTK_IS_LABEL (label)' failed

(Unity:107746): GLib-GObject-CRITICAL **: 17:43:28.354: invalid unclassed pointer in cast to 'GtkProgressBar'

(Unity:107746): Gtk-CRITICAL **: 17:43:28.354: gtk_progress_bar_set_fraction: assertion 'GTK_IS_PROGRESS_BAR (pbar)' failed

(Unity:107746): GLib-GObject-CRITICAL **: 17:43:28.354: invalid unclassed pointer in cast to 'GtkLabel'

(Unity:107746): Gtk-CRITICAL **: 17:43:28.354: gtk_label_set_text: assertion 'GTK_IS_LABEL (label)' failed

(Unity:107746): GLib-GObject-CRITICAL **: 17:43:28.459: invalid unclassed pointer in cast to 'GtkProgressBar'

(Unity:107746): Gtk-CRITICAL **: 17:43:28.459: gtk_progress_bar_set_fraction: assertion 'GTK_IS_PROGRESS_BAR (pbar)' failed

(Unity:107746): GLib-GObject-CRITICAL **: 17:43:28.459: invalid unclassed pointer in cast to 'GtkLabel'

(Unity:107746): Gtk-CRITICAL **: 17:43:28.459: gtk_label_set_text: assertion 'GTK_IS_LABEL (label)' failed

(Unity:107746): GLib-GObject-CRITICAL **: 17:43:28.617: invalid unclassed pointer in cast to 'GtkProgressBar'

(Unity:107746): Gtk-CRITICAL **: 17:43:28.617: gtk_progress_bar_set_fraction: assertion 'GTK_IS_PROGRESS_BAR (pbar)' failed

(Unity:107746): GLib-GObject-CRITICAL **: 17:43:28.617: invalid unclassed pointer in cast to 'GtkLabel'

(Unity:107746): Gtk-CRITICAL **: 17:43:28.617: gtk_label_set_text: assertion 'GTK_IS_LABEL (label)' failed

(Unity:107746): GLib-GObject-CRITICAL **: 17:43:28.721: invalid unclassed pointer in cast to 'GtkProgressBar'

(Unity:107746): Gtk-CRITICAL **: 17:43:28.721: gtk_progress_bar_set_fraction: assertion 'GTK_IS_PROGRESS_BAR (pbar)' failed

(Unity:107746): GLib-GObject-CRITICAL **: 17:43:28.721: invalid unclassed pointer in cast to 'GtkLabel'

(Unity:107746): Gtk-CRITICAL **: 17:43:28.721: gtk_label_set_text: assertion 'GTK_IS_LABEL (label)' failed

(Unity:107746): GLib-GObject-CRITICAL **: 17:43:28.850: invalid unclassed pointer in cast to 'GtkProgressBar'

(Unity:107746): Gtk-CRITICAL **: 17:43:28.850: gtk_progress_bar_set_fraction: assertion 'GTK_IS_PROGRESS_BAR (pbar)' failed

(Unity:107746): GLib-GObject-CRITICAL **: 17:43:28.850: invalid unclassed pointer in cast to 'GtkLabel'

(Unity:107746): Gtk-CRITICAL **: 17:43:28.850: gtk_label_set_text: assertion 'GTK_IS_LABEL (label)' failed

(Unity:107746): GLib-GObject-CRITICAL **: 17:43:29.056: invalid unclassed pointer in cast to 'GtkProgressBar'

(Unity:107746): Gtk-CRITICAL **: 17:43:29.056: gtk_progress_bar_set_fraction: assertion 'GTK_IS_PROGRESS_BAR (pbar)' failed

(Unity:107746): GLib-GObject-CRITICAL **: 17:43:29.056: invalid unclassed pointer in cast to 'GtkLabel'

(Unity:107746): Gtk-CRITICAL **: 17:43:29.056: gtk_label_set_text: assertion 'GTK_IS_LABEL (label)' failed

(Unity:107746): GLib-GObject-CRITICAL **: 17:43:29.260: invalid unclassed pointer in cast to 'GtkProgressBar'

(Unity:107746): Gtk-CRITICAL **: 17:43:29.260: gtk_progress_bar_set_fraction: assertion 'GTK_IS_PROGRESS_BAR (pbar)' failed

(Unity:107746): GLib-GObject-CRITICAL **: 17:43:29.260: invalid unclassed pointer in cast to 'GtkLabel'

(Unity:107746): Gtk-CRITICAL **: 17:43:29.260: gtk_label_set_text: assertion 'GTK_IS_LABEL (label)' failed

(Unity:107746): GLib-GObject-CRITICAL **: 17:43:29.489: invalid unclassed pointer in cast to 'GtkProgressBar'

(Unity:107746): Gtk-CRITICAL **: 17:43:29.489: gtk_progress_bar_set_fraction: assertion 'GTK_IS_PROGRESS_BAR (pbar)' failed

(Unity:107746): GLib-GObject-CRITICAL **: 17:43:29.490: invalid unclassed pointer in cast to 'GtkLabel'

(Unity:107746): Gtk-CRITICAL **: 17:43:29.490: gtk_label_set_text: assertion 'GTK_IS_LABEL (label)' failed

(Unity:107746): GLib-GObject-CRITICAL **: 17:43:29.603: invalid unclassed pointer in cast to 'GtkProgressBar'

(Unity:107746): Gtk-CRITICAL **: 17:43:29.603: gtk_progress_bar_set_fraction: assertion 'GTK_IS_PROGRESS_BAR (pbar)' failed

(Unity:107746): GLib-GObject-CRITICAL **: 17:43:29.603: invalid unclassed pointer in cast to 'GtkLabel'

(Unity:107746): Gtk-CRITICAL **: 17:43:29.603: gtk_label_set_text: assertion 'GTK_IS_LABEL (label)' failed

(Unity:107746): GLib-GObject-CRITICAL **: 17:43:29.770: invalid unclassed pointer in cast to 'GtkProgressBar'

(Unity:107746): Gtk-CRITICAL **: 17:43:29.771: gtk_progress_bar_set_fraction: assertion 'GTK_IS_PROGRESS_BAR (pbar)' failed

(Unity:107746): GLib-GObject-CRITICAL **: 17:43:29.771: invalid unclassed pointer in cast to 'GtkLabel'

(Unity:107746): Gtk-CRITICAL **: 17:43:29.771: gtk_label_set_text: assertion 'GTK_IS_LABEL (label)' failed

(Unity:107746): GLib-GObject-CRITICAL **: 17:43:29.883: invalid unclassed pointer in cast to 'GtkProgressBar'

(Unity:107746): Gtk-CRITICAL **: 17:43:29.883: gtk_progress_bar_set_fraction: assertion 'GTK_IS_PROGRESS_BAR (pbar)' failed

(Unity:107746): GLib-GObject-CRITICAL **: 17:43:29.883: invalid unclassed pointer in cast to 'GtkLabel'

(Unity:107746): Gtk-CRITICAL **: 17:43:29.883: gtk_label_set_text: assertion 'GTK_IS_LABEL (label)' failed

(Unity:107746): GLib-GObject-CRITICAL **: 17:43:30.002: invalid unclassed pointer in cast to 'GtkProgressBar'

(Unity:107746): Gtk-CRITICAL **: 17:43:30.003: gtk_progress_bar_set_fraction: assertion 'GTK_IS_PROGRESS_BAR (pbar)' failed

(Unity:107746): GLib-GObject-CRITICAL **: 17:43:30.003: invalid unclassed pointer in cast to 'GtkLabel'

(Unity:107746): Gtk-CRITICAL **: 17:43:30.003: gtk_label_set_text: assertion 'GTK_IS_LABEL (label)' failed

(Unity:107746): GLib-GObject-CRITICAL **: 17:43:30.122: invalid unclassed pointer in cast to 'GtkProgressBar'

(Unity:107746): Gtk-CRITICAL **: 17:43:30.122: gtk_progress_bar_set_fraction: assertion 'GTK_IS_PROGRESS_BAR (pbar)' failed

(Unity:107746): GLib-GObject-CRITICAL **: 17:43:30.122: invalid unclassed pointer in cast to 'GtkLabel'

(Unity:107746): Gtk-CRITICAL **: 17:43:30.122: gtk_label_set_text: assertion 'GTK_IS_LABEL (label)' failed

(Unity:107746): GLib-GObject-CRITICAL **: 17:43:30.233: invalid unclassed pointer in cast to 'GtkProgressBar'

(Unity:107746): Gtk-CRITICAL **: 17:43:30.233: gtk_progress_bar_set_fraction: assertion 'GTK_IS_PROGRESS_BAR (pbar)' failed

(Unity:107746): GLib-GObject-CRITICAL **: 17:43:30.233: invalid unclassed pointer in cast to 'GtkLabel'

(Unity:107746): Gtk-CRITICAL **: 17:43:30.233: gtk_label_set_text: assertion 'GTK_IS_LABEL (label)' failed

(Unity:107746): GLib-GObject-CRITICAL **: 17:43:30.342: invalid unclassed pointer in cast to 'GtkProgressBar'

(Unity:107746): Gtk-CRITICAL **: 17:43:30.342: gtk_progress_bar_set_fraction: assertion 'GTK_IS_PROGRESS_BAR (pbar)' failed

(Unity:107746): GLib-GObject-CRITICAL **: 17:43:30.342: invalid unclassed pointer in cast to 'GtkLabel'

(Unity:107746): Gtk-CRITICAL **: 17:43:30.342: gtk_label_set_text: assertion 'GTK_IS_LABEL (label)' failed

(Unity:107746): GLib-GObject-CRITICAL **: 17:43:30.448: invalid unclassed pointer in cast to 'GtkProgressBar'

(Unity:107746): Gtk-CRITICAL **: 17:43:30.448: gtk_progress_bar_set_fraction: assertion 'GTK_IS_PROGRESS_BAR (pbar)' failed

(Unity:107746): GLib-GObject-CRITICAL **: 17:43:30.450: invalid unclassed pointer in cast to 'GtkLabel'

(Unity:107746): Gtk-CRITICAL **: 17:43:30.450: gtk_label_set_text: assertion 'GTK_IS_LABEL (label)' failed

(Unity:107746): GLib-GObject-CRITICAL **: 17:43:30.555: invalid unclassed pointer in cast to 'GtkProgressBar'

(Unity:107746): Gtk-CRITICAL **: 17:43:30.555: gtk_progress_bar_set_fraction: assertion 'GTK_IS_PROGRESS_BAR (pbar)' failed

(Unity:107746): GLib-GObject-CRITICAL **: 17:43:30.555: invalid unclassed pointer in cast to 'GtkLabel'

(Unity:107746): Gtk-CRITICAL **: 17:43:30.555: gtk_label_set_text: assertion 'GTK_IS_LABEL (label)' failed

(Unity:107746): GLib-GObject-CRITICAL **: 17:43:30.671: invalid unclassed pointer in cast to 'GtkProgressBar'

(Unity:107746): Gtk-CRITICAL **: 17:43:30.671: gtk_progress_bar_set_fraction: assertion 'GTK_IS_PROGRESS_BAR (pbar)' failed

(Unity:107746): GLib-GObject-CRITICAL **: 17:43:30.671: invalid unclassed pointer in cast to 'GtkLabel'

(Unity:107746): Gtk-CRITICAL **: 17:43:30.671: gtk_label_set_text: assertion 'GTK_IS_LABEL (label)' failed

(Unity:107746): GLib-GObject-CRITICAL **: 17:43:30.786: invalid unclassed pointer in cast to 'GtkProgressBar'

(Unity:107746): Gtk-CRITICAL **: 17:43:30.786: gtk_progress_bar_set_fraction: assertion 'GTK_IS_PROGRESS_BAR (pbar)' failed

(Unity:107746): GLib-GObject-CRITICAL **: 17:43:30.786: invalid unclassed pointer in cast to 'GtkLabel'

(Unity:107746): Gtk-CRITICAL **: 17:43:30.786: gtk_label_set_text: assertion 'GTK_IS_LABEL (label)' failed

(Unity:107746): GLib-GObject-CRITICAL **: 17:43:30.990: invalid unclassed pointer in cast to 'GtkProgressBar'

(Unity:107746): Gtk-CRITICAL **: 17:43:30.990: gtk_progress_bar_set_fraction: assertion 'GTK_IS_PROGRESS_BAR (pbar)' failed

(Unity:107746): GLib-GObject-CRITICAL **: 17:43:30.990: invalid unclassed pointer in cast to 'GtkLabel'

(Unity:107746): Gtk-CRITICAL **: 17:43:30.990: gtk_label_set_text: assertion 'GTK_IS_LABEL (label)' failed

(Unity:107746): GLib-GObject-CRITICAL **: 17:43:31.126: invalid unclassed pointer in cast to 'GtkProgressBar'

(Unity:107746): Gtk-CRITICAL **: 17:43:31.127: gtk_progress_bar_set_fraction: assertion 'GTK_IS_PROGRESS_BAR (pbar)' failed

(Unity:107746): GLib-GObject-CRITICAL **: 17:43:31.127: invalid unclassed pointer in cast to 'GtkLabel'

(Unity:107746): Gtk-CRITICAL **: 17:43:31.127: gtk_label_set_text: assertion 'GTK_IS_LABEL (label)' failed

(Unity:107746): GLib-GObject-CRITICAL **: 17:43:31.234: invalid unclassed pointer in cast to 'GtkProgressBar'

(Unity:107746): Gtk-CRITICAL **: 17:43:31.234: gtk_progress_bar_set_fraction: assertion 'GTK_IS_PROGRESS_BAR (pbar)' failed

(Unity:107746): GLib-GObject-CRITICAL **: 17:43:31.234: invalid unclassed pointer in cast to 'GtkLabel'

(Unity:107746): Gtk-CRITICAL **: 17:43:31.234: gtk_label_set_text: assertion 'GTK_IS_LABEL (label)' failed

(Unity:107746): GLib-GObject-CRITICAL **: 17:43:31.342: invalid unclassed pointer in cast to 'GtkProgressBar'

(Unity:107746): Gtk-CRITICAL **: 17:43:31.342: gtk_progress_bar_set_fraction: assertion 'GTK_IS_PROGRESS_BAR (pbar)' failed

(Unity:107746): GLib-GObject-CRITICAL **: 17:43:31.342: invalid unclassed pointer in cast to 'GtkLabel'

(Unity:107746): Gtk-CRITICAL **: 17:43:31.342: gtk_label_set_text: assertion 'GTK_IS_LABEL (label)' failed

(Unity:107746): GLib-GObject-CRITICAL **: 17:43:31.447: invalid unclassed pointer in cast to 'GtkProgressBar'

(Unity:107746): Gtk-CRITICAL **: 17:43:31.447: gtk_progress_bar_set_fraction: assertion 'GTK_IS_PROGRESS_BAR (pbar)' failed

(Unity:107746): GLib-GObject-CRITICAL **: 17:43:31.447: invalid unclassed pointer in cast to 'GtkLabel'

(Unity:107746): Gtk-CRITICAL **: 17:43:31.447: gtk_label_set_text: assertion 'GTK_IS_LABEL (label)' failed

(Unity:107746): GLib-GObject-CRITICAL **: 17:43:31.548: invalid unclassed pointer in cast to 'GtkProgressBar'

(Unity:107746): Gtk-CRITICAL **: 17:43:31.548: gtk_progress_bar_set_fraction: assertion 'GTK_IS_PROGRESS_BAR (pbar)' failed

(Unity:107746): GLib-GObject-CRITICAL **: 17:43:31.548: invalid unclassed pointer in cast to 'GtkLabel'

(Unity:107746): Gtk-CRITICAL **: 17:43:31.548: gtk_label_set_text: assertion 'GTK_IS_LABEL (label)' failed

(Unity:107746): GLib-GObject-CRITICAL **: 17:43:31.655: invalid unclassed pointer in cast to 'GtkProgressBar'

(Unity:107746): Gtk-CRITICAL **: 17:43:31.655: gtk_progress_bar_set_fraction: assertion 'GTK_IS_PROGRESS_BAR (pbar)' failed

(Unity:107746): GLib-GObject-CRITICAL **: 17:43:31.655: invalid unclassed pointer in cast to 'GtkLabel'

(Unity:107746): Gtk-CRITICAL **: 17:43:31.655: gtk_label_set_text: assertion 'GTK_IS_LABEL (label)' failed

(Unity:107746): GLib-GObject-CRITICAL **: 17:43:31.811: invalid unclassed pointer in cast to 'GtkProgressBar'

(Unity:107746): Gtk-CRITICAL **: 17:43:31.811: gtk_progress_bar_set_fraction: assertion 'GTK_IS_PROGRESS_BAR (pbar)' failed

(Unity:107746): GLib-GObject-CRITICAL **: 17:43:31.811: invalid unclassed pointer in cast to 'GtkLabel'

(Unity:107746): Gtk-CRITICAL **: 17:43:31.811: gtk_label_set_text: assertion 'GTK_IS_LABEL (label)' failed

(Unity:107746): GLib-GObject-CRITICAL **: 17:43:31.913: invalid unclassed pointer in cast to 'GtkProgressBar'

(Unity:107746): Gtk-CRITICAL **: 17:43:31.913: gtk_progress_bar_set_fraction: assertion 'GTK_IS_PROGRESS_BAR (pbar)' failed

(Unity:107746): GLib-GObject-CRITICAL **: 17:43:31.913: invalid unclassed pointer in cast to 'GtkLabel'

(Unity:107746): Gtk-CRITICAL **: 17:43:31.913: gtk_label_set_text: assertion 'GTK_IS_LABEL (label)' failed

(Unity:107746): GLib-GObject-CRITICAL **: 17:43:32.017: invalid unclassed pointer in cast to 'GtkProgressBar'

(Unity:107746): Gtk-CRITICAL **: 17:43:32.017: gtk_progress_bar_set_fraction: assertion 'GTK_IS_PROGRESS_BAR (pbar)' failed

(Unity:107746): GLib-GObject-CRITICAL **: 17:43:32.017: invalid unclassed pointer in cast to 'GtkLabel'

(Unity:107746): Gtk-CRITICAL **: 17:43:32.017: gtk_label_set_text: assertion 'GTK_IS_LABEL (label)' failed

(Unity:107746): GLib-GObject-CRITICAL **: 17:43:32.120: invalid unclassed pointer in cast to 'GtkProgressBar'

(Unity:107746): Gtk-CRITICAL **: 17:43:32.120: gtk_progress_bar_set_fraction: assertion 'GTK_IS_PROGRESS_BAR (pbar)' failed

(Unity:107746): GLib-GObject-CRITICAL **: 17:43:32.120: invalid unclassed pointer in cast to 'GtkLabel'

(Unity:107746): Gtk-CRITICAL **: 17:43:32.120: gtk_label_set_text: assertion 'GTK_IS_LABEL (label)' failed

(Unity:107746): GLib-GObject-CRITICAL **: 17:43:32.223: invalid unclassed pointer in cast to 'GtkProgressBar'

(Unity:107746): Gtk-CRITICAL **: 17:43:32.223: gtk_progress_bar_set_fraction: assertion 'GTK_IS_PROGRESS_BAR (pbar)' failed

(Unity:107746): GLib-GObject-CRITICAL **: 17:43:32.223: invalid unclassed pointer in cast to 'GtkLabel'

(Unity:107746): Gtk-CRITICAL **: 17:43:32.223: gtk_label_set_text: assertion 'GTK_IS_LABEL (label)' failed

(Unity:107746): GLib-GObject-CRITICAL **: 17:43:32.329: invalid unclassed pointer in cast to 'GtkProgressBar'

(Unity:107746): Gtk-CRITICAL **: 17:43:32.329: gtk_progress_bar_set_fraction: assertion 'GTK_IS_PROGRESS_BAR (pbar)' failed

(Unity:107746): GLib-GObject-CRITICAL **: 17:43:32.329: invalid unclassed pointer in cast to 'GtkLabel'

(Unity:107746): Gtk-CRITICAL **: 17:43:32.329: gtk_label_set_text: assertion 'GTK_IS_LABEL (label)' failed

(Unity:107746): GLib-GObject-CRITICAL **: 17:43:32.436: invalid unclassed pointer in cast to 'GtkProgressBar'

(Unity:107746): Gtk-CRITICAL **: 17:43:32.436: gtk_progress_bar_set_fraction: assertion 'GTK_IS_PROGRESS_BAR (pbar)' failed

(Unity:107746): GLib-GObject-CRITICAL **: 17:43:32.436: invalid unclassed pointer in cast to 'GtkLabel'

(Unity:107746): Gtk-CRITICAL **: 17:43:32.436: gtk_label_set_text: assertion 'GTK_IS_LABEL (label)' failed

(Unity:107746): GLib-GObject-CRITICAL **: 17:43:32.543: invalid unclassed pointer in cast to 'GtkProgressBar'

(Unity:107746): Gtk-CRITICAL **: 17:43:32.543: gtk_progress_bar_set_fraction: assertion 'GTK_IS_PROGRESS_BAR (pbar)' failed

(Unity:107746): GLib-GObject-CRITICAL **: 17:43:32.543: invalid unclassed pointer in cast to 'GtkLabel'

(Unity:107746): Gtk-CRITICAL **: 17:43:32.543: gtk_label_set_text: assertion 'GTK_IS_LABEL (label)' failed

(Unity:107746): GLib-GObject-CRITICAL **: 17:43:32.648: invalid unclassed pointer in cast to 'GtkProgressBar'

(Unity:107746): Gtk-CRITICAL **: 17:43:32.648: gtk_progress_bar_set_fraction: assertion 'GTK_IS_PROGRESS_BAR (pbar)' failed

(Unity:107746): GLib-GObject-CRITICAL **: 17:43:32.648: invalid unclassed pointer in cast to 'GtkLabel'

(Unity:107746): Gtk-CRITICAL **: 17:43:32.648: gtk_label_set_text: assertion 'GTK_IS_LABEL (label)' failed

(Unity:107746): GLib-GObject-CRITICAL **: 17:43:32.753: invalid unclassed pointer in cast to 'GtkProgressBar'

(Unity:107746): Gtk-CRITICAL **: 17:43:32.753: gtk_progress_bar_set_fraction: assertion 'GTK_IS_PROGRESS_BAR (pbar)' failed

(Unity:107746): GLib-GObject-CRITICAL **: 17:43:32.753: invalid unclassed pointer in cast to 'GtkLabel'

(Unity:107746): Gtk-CRITICAL **: 17:43:32.753: gtk_label_set_text: assertion 'GTK_IS_LABEL (label)' failed

(Unity:107746): GLib-GObject-CRITICAL **: 17:43:32.967: invalid unclassed pointer in cast to 'GtkProgressBar'

(Unity:107746): Gtk-CRITICAL **: 17:43:32.967: gtk_progress_bar_set_fraction: assertion 'GTK_IS_PROGRESS_BAR (pbar)' failed

(Unity:107746): GLib-GObject-CRITICAL **: 17:43:32.967: invalid unclassed pointer in cast to 'GtkLabel'

(Unity:107746): Gtk-CRITICAL **: 17:43:32.967: gtk_label_set_text: assertion 'GTK_IS_LABEL (label)' failed

(Unity:107746): GLib-GObject-CRITICAL **: 17:43:33.074: invalid unclassed pointer in cast to 'GtkProgressBar'

(Unity:107746): Gtk-CRITICAL **: 17:43:33.074: gtk_progress_bar_set_fraction: assertion 'GTK_IS_PROGRESS_BAR (pbar)' failed

(Unity:107746): GLib-GObject-CRITICAL **: 17:43:33.074: invalid unclassed pointer in cast to 'GtkLabel'

(Unity:107746): Gtk-CRITICAL **: 17:43:33.074: gtk_label_set_text: assertion 'GTK_IS_LABEL (label)' failed

(Unity:107746): GLib-GObject-CRITICAL **: 17:43:33.175: invalid unclassed pointer in cast to 'GtkProgressBar'

(Unity:107746): Gtk-CRITICAL **: 17:43:33.178: gtk_progress_bar_set_fraction: assertion 'GTK_IS_PROGRESS_BAR (pbar)' failed

(Unity:107746): GLib-GObject-CRITICAL **: 17:43:33.178: invalid unclassed pointer in cast to 'GtkLabel'

(Unity:107746): Gtk-CRITICAL **: 17:43:33.178: gtk_label_set_text: assertion 'GTK_IS_LABEL (label)' failed

(Unity:107746): GLib-GObject-CRITICAL **: 17:43:33.281: invalid unclassed pointer in cast to 'GtkProgressBar'

(Unity:107746): Gtk-CRITICAL **: 17:43:33.281: gtk_progress_bar_set_fraction: assertion 'GTK_IS_PROGRESS_BAR (pbar)' failed

(Unity:107746): GLib-GObject-CRITICAL **: 17:43:33.281: invalid unclassed pointer in cast to 'GtkLabel'

(Unity:107746): Gtk-CRITICAL **: 17:43:33.281: gtk_label_set_text: assertion 'GTK_IS_LABEL (label)' failed

(Unity:107746): GLib-GObject-CRITICAL **: 17:43:33.385: invalid unclassed pointer in cast to 'GtkProgressBar'

(Unity:107746): Gtk-CRITICAL **: 17:43:33.385: gtk_progress_bar_set_fraction: assertion 'GTK_IS_PROGRESS_BAR (pbar)' failed

(Unity:107746): GLib-GObject-CRITICAL **: 17:43:33.385: invalid unclassed pointer in cast to 'GtkLabel'

(Unity:107746): Gtk-CRITICAL **: 17:43:33.385: gtk_label_set_text: assertion 'GTK_IS_LABEL (label)' failed

(Unity:107746): GLib-GObject-CRITICAL **: 17:43:33.489: invalid unclassed pointer in cast to 'GtkProgressBar'

(Unity:107746): Gtk-CRITICAL **: 17:43:33.489: gtk_progress_bar_set_fraction: assertion 'GTK_IS_PROGRESS_BAR (pbar)' failed

(Unity:107746): GLib-GObject-CRITICAL **: 17:43:33.489: invalid unclassed pointer in cast to 'GtkLabel'

(Unity:107746): Gtk-CRITICAL **: 17:43:33.489: gtk_label_set_text: assertion 'GTK_IS_LABEL (label)' failed

(Unity:107746): GLib-GObject-CRITICAL **: 17:43:33.591: invalid unclassed pointer in cast to 'GtkProgressBar'

(Unity:107746): Gtk-CRITICAL **: 17:43:33.591: gtk_progress_bar_set_fraction: assertion 'GTK_IS_PROGRESS_BAR (pbar)' failed

(Unity:107746): GLib-GObject-CRITICAL **: 17:43:33.591: invalid unclassed pointer in cast to 'GtkLabel'

(Unity:107746): Gtk-CRITICAL **: 17:43:33.591: gtk_label_set_text: assertion 'GTK_IS_LABEL (label)' failed

(Unity:107746): GLib-GObject-CRITICAL **: 17:43:33.694: invalid unclassed pointer in cast to 'GtkProgressBar'

(Unity:107746): Gtk-CRITICAL **: 17:43:33.695: gtk_progress_bar_set_fraction: assertion 'GTK_IS_PROGRESS_BAR (pbar)' failed

(Unity:107746): GLib-GObject-CRITICAL **: 17:43:33.695: invalid unclassed pointer in cast to 'GtkLabel'

(Unity:107746): Gtk-CRITICAL **: 17:43:33.695: gtk_label_set_text: assertion 'GTK_IS_LABEL (label)' failed

(Unity:107746): GLib-GObject-CRITICAL **: 17:43:33.802: invalid unclassed pointer in cast to 'GtkProgressBar'

(Unity:107746): Gtk-CRITICAL **: 17:43:33.802: gtk_progress_bar_set_fraction: assertion 'GTK_IS_PROGRESS_BAR (pbar)' failed

(Unity:107746): GLib-GObject-CRITICAL **: 17:43:33.802: invalid unclassed pointer in cast to 'GtkLabel'

(Unity:107746): Gtk-CRITICAL **: 17:43:33.802: gtk_label_set_text: assertion 'GTK_IS_LABEL (label)' failed

(Unity:107746): GLib-GObject-CRITICAL **: 17:43:34.009: invalid unclassed pointer in cast to 'GtkProgressBar'

(Unity:107746): Gtk-CRITICAL **: 17:43:34.009: gtk_progress_bar_set_fraction: assertion 'GTK_IS_PROGRESS_BAR (pbar)' failed

(Unity:107746): GLib-GObject-CRITICAL **: 17:43:34.009: invalid unclassed pointer in cast to 'GtkLabel'

(Unity:107746): Gtk-CRITICAL **: 17:43:34.009: gtk_label_set_text: assertion 'GTK_IS_LABEL (label)' failed

(Unity:107746): GLib-GObject-CRITICAL **: 17:43:34.112: invalid unclassed pointer in cast to 'GtkProgressBar'

(Unity:107746): Gtk-CRITICAL **: 17:43:34.112: gtk_progress_bar_set_fraction: assertion 'GTK_IS_PROGRESS_BAR (pbar)' failed

(Unity:107746): GLib-GObject-CRITICAL **: 17:43:34.112: invalid unclassed pointer in cast to 'GtkLabel'

(Unity:107746): Gtk-CRITICAL **: 17:43:34.112: gtk_label_set_text: assertion 'GTK_IS_LABEL (label)' failed

(Unity:107746): GLib-GObject-CRITICAL **: 17:43:34.214: invalid unclassed pointer in cast to 'GtkProgressBar'

(Unity:107746): Gtk-CRITICAL **: 17:43:34.214: gtk_progress_bar_set_fraction: assertion 'GTK_IS_PROGRESS_BAR (pbar)' failed

(Unity:107746): GLib-GObject-CRITICAL **: 17:43:34.215: invalid unclassed pointer in cast to 'GtkLabel'

(Unity:107746): Gtk-CRITICAL **: 17:43:34.215: gtk_label_set_text: assertion 'GTK_IS_LABEL (label)' failed

(Unity:107746): GLib-GObject-CRITICAL **: 17:43:34.320: invalid unclassed pointer in cast to 'GtkProgressBar'

(Unity:107746): Gtk-CRITICAL **: 17:43:34.320: gtk_progress_bar_set_fraction: assertion 'GTK_IS_PROGRESS_BAR (pbar)' failed

(Unity:107746): GLib-GObject-CRITICAL **: 17:43:34.320: invalid unclassed pointer in cast to 'GtkLabel'

(Unity:107746): Gtk-CRITICAL **: 17:43:34.320: gtk_label_set_text: assertion 'GTK_IS_LABEL (label)' failed

(Unity:107746): GLib-GObject-CRITICAL **: 17:43:34.426: invalid unclassed pointer in cast to 'GtkProgressBar'

(Unity:107746): Gtk-CRITICAL **: 17:43:34.426: gtk_progress_bar_set_fraction: assertion 'GTK_IS_PROGRESS_BAR (pbar)' failed

(Unity:107746): GLib-GObject-CRITICAL **: 17:43:34.426: invalid unclassed pointer in cast to 'GtkLabel'

(Unity:107746): Gtk-CRITICAL **: 17:43:34.426: gtk_label_set_text: assertion 'GTK_IS_LABEL (label)' failed

(Unity:107746): GLib-GObject-CRITICAL **: 17:43:34.710: invalid unclassed pointer in cast to 'GtkProgressBar'

(Unity:107746): Gtk-CRITICAL **: 17:43:34.710: gtk_progress_bar_set_fraction: assertion 'GTK_IS_PROGRESS_BAR (pbar)' failed

(Unity:107746): GLib-GObject-CRITICAL **: 17:43:34.710: invalid unclassed pointer in cast to 'GtkLabel'

(Unity:107746): Gtk-CRITICAL **: 17:43:34.710: gtk_label_set_text: assertion 'GTK_IS_LABEL (label)' failed

(Unity:107746): GLib-GObject-CRITICAL **: 17:43:34.813: invalid unclassed pointer in cast to 'GtkProgressBar'

(Unity:107746): Gtk-CRITICAL **: 17:43:34.813: gtk_progress_bar_set_fraction: assertion 'GTK_IS_PROGRESS_BAR (pbar)' failed

(Unity:107746): GLib-GObject-CRITICAL **: 17:43:34.813: invalid unclassed pointer in cast to 'GtkLabel'

(Unity:107746): Gtk-CRITICAL **: 17:43:34.813: gtk_label_set_text: assertion 'GTK_IS_LABEL (label)' failed

(Unity:107746): GLib-GObject-CRITICAL **: 17:43:34.921: invalid unclassed pointer in cast to 'GtkProgressBar'

(Unity:107746): Gtk-CRITICAL **: 17:43:34.921: gtk_progress_bar_set_fraction: assertion 'GTK_IS_PROGRESS_BAR (pbar)' failed

(Unity:107746): GLib-GObject-CRITICAL **: 17:43:34.921: invalid unclassed pointer in cast to 'GtkLabel'

(Unity:107746): Gtk-CRITICAL **: 17:43:34.921: gtk_label_set_text: assertion 'GTK_IS_LABEL (label)' failed

(Unity:107746): GLib-GObject-CRITICAL **: 17:43:35.045: invalid unclassed pointer in cast to 'GtkProgressBar'

(Unity:107746): Gtk-CRITICAL **: 17:43:35.045: gtk_progress_bar_set_fraction: assertion 'GTK_IS_PROGRESS_BAR (pbar)' failed

(Unity:107746): GLib-GObject-CRITICAL **: 17:43:35.045: invalid unclassed pointer in cast to 'GtkLabel'

(Unity:107746): Gtk-CRITICAL **: 17:43:35.045: gtk_label_set_text: assertion 'GTK_IS_LABEL (label)' failed

(Unity:107746): GLib-GObject-CRITICAL **: 17:43:35.146: invalid unclassed pointer in cast to 'GtkProgressBar'

(Unity:107746): Gtk-CRITICAL **: 17:43:35.146: gtk_progress_bar_set_fraction: assertion 'GTK_IS_PROGRESS_BAR (pbar)' failed

(Unity:107746): GLib-GObject-CRITICAL **: 17:43:35.146: invalid unclassed pointer in cast to 'GtkLabel'

(Unity:107746): Gtk-CRITICAL **: 17:43:35.146: gtk_label_set_text: assertion 'GTK_IS_LABEL (label)' failed

(Unity:107746): GLib-GObject-CRITICAL **: 17:43:35.250: invalid unclassed pointer in cast to 'GtkProgressBar'

(Unity:107746): Gtk-CRITICAL **: 17:43:35.250: gtk_progress_bar_set_fraction: assertion 'GTK_IS_PROGRESS_BAR (pbar)' failed

(Unity:107746): GLib-GObject-CRITICAL **: 17:43:35.251: invalid unclassed pointer in cast to 'GtkLabel'

(Unity:107746): Gtk-CRITICAL **: 17:43:35.251: gtk_label_set_text: assertion 'GTK_IS_LABEL (label)' failed

(Unity:107746): GLib-GObject-CRITICAL **: 17:43:35.560: invalid unclassed pointer in cast to 'GtkProgressBar'

(Unity:107746): Gtk-CRITICAL **: 17:43:35.560: gtk_progress_bar_set_fraction: assertion 'GTK_IS_PROGRESS_BAR (pbar)' failed

(Unity:107746): GLib-GObject-CRITICAL **: 17:43:35.560: invalid unclassed pointer in cast to 'GtkLabel'

(Unity:107746): Gtk-CRITICAL **: 17:43:35.560: gtk_label_set_text: assertion 'GTK_IS_LABEL (label)' failed

(Unity:107746): GLib-GObject-CRITICAL **: 17:43:36.080: invalid unclassed pointer in cast to 'GtkProgressBar'

(Unity:107746): Gtk-CRITICAL **: 17:43:36.080: gtk_progress_bar_set_fraction: assertion 'GTK_IS_PROGRESS_BAR (pbar)' failed

(Unity:107746): GLib-GObject-CRITICAL **: 17:43:36.080: invalid unclassed pointer in cast to 'GtkLabel'

(Unity:107746): Gtk-CRITICAL **: 17:43:36.080: gtk_label_set_text: assertion 'GTK_IS_LABEL (label)' failed

(Unity:107746): GLib-GObject-CRITICAL **: 17:43:36.864: invalid unclassed pointer in cast to 'GtkProgressBar'

(Unity:107746): Gtk-CRITICAL **: 17:43:36.864: gtk_progress_bar_set_fraction: assertion 'GTK_IS_PROGRESS_BAR (pbar)' failed

(Unity:107746): GLib-GObject-CRITICAL **: 17:43:36.864: invalid unclassed pointer in cast to 'GtkLabel'

(Unity:107746): Gtk-CRITICAL **: 17:43:36.864: gtk_label_set_text: assertion 'GTK_IS_LABEL (label)' failed

(Unity:107746): GLib-GObject-CRITICAL **: 17:43:37.844: invalid unclassed pointer in cast to 'GtkProgressBar'

(Unity:107746): Gtk-CRITICAL **: 17:43:37.844: gtk_progress_bar_set_fraction: assertion 'GTK_IS_PROGRESS_BAR (pbar)' failed

(Unity:107746): GLib-GObject-CRITICAL **: 17:43:37.844: invalid unclassed pointer in cast to 'GtkLabel'

(Unity:107746): Gtk-CRITICAL **: 17:43:37.844: gtk_label_set_text: assertion 'GTK_IS_LABEL (label)' failed

(Unity:107746): GLib-GObject-CRITICAL **: 17:43:38.451: invalid unclassed pointer in cast to 'GtkProgressBar'

(Unity:107746): Gtk-CRITICAL **: 17:43:38.451: gtk_progress_bar_set_fraction: assertion 'GTK_IS_PROGRESS_BAR (pbar)' failed

(Unity:107746): GLib-GObject-CRITICAL **: 17:43:38.451: invalid unclassed pointer in cast to 'GtkLabel'

(Unity:107746): Gtk-CRITICAL **: 17:43:38.451: gtk_label_set_text: assertion 'GTK_IS_LABEL (label)' failed

(Unity:107746): GLib-GObject-CRITICAL **: 17:43:39.160: invalid unclassed pointer in cast to 'GtkProgressBar'

(Unity:107746): Gtk-CRITICAL **: 17:43:39.160: gtk_progress_bar_set_fraction: assertion 'GTK_IS_PROGRESS_BAR (pbar)' failed

(Unity:107746): GLib-GObject-CRITICAL **: 17:43:39.160: invalid unclassed pointer in cast to 'GtkLabel'

(Unity:107746): Gtk-CRITICAL **: 17:43:39.160: gtk_label_set_text: assertion 'GTK_IS_LABEL (label)' failed

(Unity:107746): GLib-GObject-CRITICAL **: 17:43:39.875: invalid unclassed pointer in cast to 'GtkProgressBar'

(Unity:107746): Gtk-CRITICAL **: 17:43:39.875: gtk_progress_bar_set_fraction: assertion 'GTK_IS_PROGRESS_BAR (pbar)' failed

(Unity:107746): GLib-GObject-CRITICAL **: 17:43:39.875: invalid unclassed pointer in cast to 'GtkLabel'

(Unity:107746): Gtk-CRITICAL **: 17:43:39.875: gtk_label_set_text: assertion 'GTK_IS_LABEL (label)' failed

(Unity:107746): GLib-GObject-CRITICAL **: 17:43:40.027: invalid unclassed pointer in cast to 'GtkProgressBar'

(Unity:107746): Gtk-CRITICAL **: 17:43:40.027: gtk_progress_bar_set_fraction: assertion 'GTK_IS_PROGRESS_BAR (pbar)' failed

(Unity:107746): GLib-GObject-CRITICAL **: 17:43:40.027: invalid unclassed pointer in cast to 'GtkLabel'

(Unity:107746): Gtk-CRITICAL **: 17:43:40.027: gtk_label_set_text: assertion 'GTK_IS_LABEL (label)' failed

(Unity:107746): GLib-GObject-CRITICAL **: 17:43:40.137: invalid unclassed pointer in cast to 'GtkProgressBar'

(Unity:107746): Gtk-CRITICAL **: 17:43:40.137: gtk_progress_bar_set_fraction: assertion 'GTK_IS_PROGRESS_BAR (pbar)' failed

(Unity:107746): GLib-GObject-CRITICAL **: 17:43:40.137: invalid unclassed pointer in cast to 'GtkLabel'

(Unity:107746): Gtk-CRITICAL **: 17:43:40.137: gtk_label_set_text: assertion 'GTK_IS_LABEL (label)' failed

(Unity:107746): GLib-GObject-CRITICAL **: 17:43:40.446: invalid unclassed pointer in cast to 'GtkProgressBar'

(Unity:107746): Gtk-CRITICAL **: 17:43:40.446: gtk_progress_bar_set_fraction: assertion 'GTK_IS_PROGRESS_BAR (pbar)' failed

(Unity:107746): GLib-GObject-CRITICAL **: 17:43:40.446: invalid unclassed pointer in cast to 'GtkLabel'

(Unity:107746): Gtk-CRITICAL **: 17:43:40.446: gtk_label_set_text: assertion 'GTK_IS_LABEL (label)' failed

(Unity:107746): GLib-GObject-CRITICAL **: 17:43:40.556: invalid unclassed pointer in cast to 'GtkProgressBar'

(Unity:107746): Gtk-CRITICAL **: 17:43:40.556: gtk_progress_bar_set_fraction: assertion 'GTK_IS_PROGRESS_BAR (pbar)' failed

(Unity:107746): GLib-GObject-CRITICAL **: 17:43:40.556: invalid unclassed pointer in cast to 'GtkLabel'

(Unity:107746): Gtk-CRITICAL **: 17:43:40.556: gtk_label_set_text: assertion 'GTK_IS_LABEL (label)' failed

(Unity:107746): GLib-GObject-CRITICAL **: 17:43:40.870: invalid unclassed pointer in cast to 'GtkProgressBar'

(Unity:107746): Gtk-CRITICAL **: 17:43:40.870: gtk_progress_bar_set_fraction: assertion 'GTK_IS_PROGRESS_BAR (pbar)' failed

(Unity:107746): GLib-GObject-CRITICAL **: 17:43:40.870: invalid unclassed pointer in cast to 'GtkLabel'

(Unity:107746): Gtk-CRITICAL **: 17:43:40.870: gtk_label_set_text: assertion 'GTK_IS_LABEL (label)' failed

(Unity:107746): GLib-GObject-CRITICAL **: 17:43:40.974: invalid unclassed pointer in cast to 'GtkProgressBar'

(Unity:107746): Gtk-CRITICAL **: 17:43:40.974: gtk_progress_bar_set_fraction: assertion 'GTK_IS_PROGRESS_BAR (pbar)' failed

(Unity:107746): GLib-GObject-CRITICAL **: 17:43:40.974: invalid unclassed pointer in cast to 'GtkLabel'

(Unity:107746): Gtk-CRITICAL **: 17:43:40.974: gtk_label_set_text: assertion 'GTK_IS_LABEL (label)' failed

(Unity:107746): GLib-GObject-CRITICAL **: 17:43:41.079: invalid unclassed pointer in cast to 'GtkProgressBar'

(Unity:107746): Gtk-CRITICAL **: 17:43:41.079: gtk_progress_bar_set_fraction: assertion 'GTK_IS_PROGRESS_BAR (pbar)' failed

(Unity:107746): GLib-GObject-CRITICAL **: 17:43:41.079: invalid unclassed pointer in cast to 'GtkLabel'

(Unity:107746): Gtk-CRITICAL **: 17:43:41.079: gtk_label_set_text: assertion 'GTK_IS_LABEL (label)' failed

(Unity:107746): GLib-GObject-CRITICAL **: 17:43:41.187: invalid unclassed pointer in cast to 'GtkProgressBar'

(Unity:107746): Gtk-CRITICAL **: 17:43:41.187: gtk_progress_bar_set_fraction: assertion 'GTK_IS_PROGRESS_BAR (pbar)' failed

(Unity:107746): GLib-GObject-CRITICAL **: 17:43:41.187: invalid unclassed pointer in cast to 'GtkLabel'

(Unity:107746): Gtk-CRITICAL **: 17:43:41.187: gtk_label_set_text: assertion 'GTK_IS_LABEL (label)' failed

(Unity:107746): GLib-GObject-CRITICAL **: 17:43:41.292: invalid unclassed pointer in cast to 'GtkProgressBar'

(Unity:107746): Gtk-CRITICAL **: 17:43:41.292: gtk_progress_bar_set_fraction: assertion 'GTK_IS_PROGRESS_BAR (pbar)' failed

(Unity:107746): GLib-GObject-CRITICAL **: 17:43:41.292: invalid unclassed pointer in cast to 'GtkLabel'

(Unity:107746): Gtk-CRITICAL **: 17:43:41.292: gtk_label_set_text: assertion 'GTK_IS_LABEL (label)' failed

(Unity:107746): GLib-GObject-CRITICAL **: 17:43:41.480: invalid unclassed pointer in cast to 'GtkProgressBar'

(Unity:107746): Gtk-CRITICAL **: 17:43:41.480: gtk_progress_bar_set_fraction: assertion 'GTK_IS_PROGRESS_BAR (pbar)' failed

(Unity:107746): GLib-GObject-CRITICAL **: 17:43:41.483: invalid unclassed pointer in cast to 'GtkLabel'

(Unity:107746): Gtk-CRITICAL **: 17:43:41.483: gtk_label_set_text: assertion 'GTK_IS_LABEL (label)' failed

(Unity:107746): GLib-GObject-CRITICAL **: 17:43:41.585: invalid unclassed pointer in cast to 'GtkProgressBar'

(Unity:107746): Gtk-CRITICAL **: 17:43:41.585: gtk_progress_bar_set_fraction: assertion 'GTK_IS_PROGRESS_BAR (pbar)' failed

(Unity:107746): GLib-GObject-CRITICAL **: 17:43:41.585: invalid unclassed pointer in cast to 'GtkLabel'

(Unity:107746): Gtk-CRITICAL **: 17:43:41.585: gtk_label_set_text: assertion 'GTK_IS_LABEL (label)' failed

(Unity:107746): GLib-GObject-CRITICAL **: 17:43:41.691: invalid unclassed pointer in cast to 'GtkProgressBar'

(Unity:107746): Gtk-CRITICAL **: 17:43:41.691: gtk_progress_bar_set_fraction: assertion 'GTK_IS_PROGRESS_BAR (pbar)' failed

(Unity:107746): GLib-GObject-CRITICAL **: 17:43:41.691: invalid unclassed pointer in cast to 'GtkLabel'

(Unity:107746): Gtk-CRITICAL **: 17:43:41.691: gtk_label_set_text: assertion 'GTK_IS_LABEL (label)' failed

(Unity:107746): GLib-GObject-CRITICAL **: 17:43:41.801: invalid unclassed pointer in cast to 'GtkProgressBar'

(Unity:107746): Gtk-CRITICAL **: 17:43:41.801: gtk_progress_bar_set_fraction: assertion 'GTK_IS_PROGRESS_BAR (pbar)' failed

(Unity:107746): GLib-GObject-CRITICAL **: 17:43:41.801: invalid unclassed pointer in cast to 'GtkLabel'

(Unity:107746): Gtk-CRITICAL **: 17:43:41.801: gtk_label_set_text: assertion 'GTK_IS_LABEL (label)' failed

(Unity:107746): GLib-GObject-CRITICAL **: 17:43:41.906: invalid unclassed pointer in cast to 'GtkProgressBar'

(Unity:107746): Gtk-CRITICAL **: 17:43:41.906: gtk_progress_bar_set_fraction: assertion 'GTK_IS_PROGRESS_BAR (pbar)' failed

(Unity:107746): GLib-GObject-CRITICAL **: 17:43:41.906: invalid unclassed pointer in cast to 'GtkLabel'

(Unity:107746): Gtk-CRITICAL **: 17:43:41.906: gtk_label_set_text: assertion 'GTK_IS_LABEL (label)' failed

(Unity:107746): GLib-GObject-CRITICAL **: 17:43:42.010: invalid unclassed pointer in cast to 'GtkProgressBar'

(Unity:107746): Gtk-CRITICAL **: 17:43:42.010: gtk_progress_bar_set_fraction: assertion 'GTK_IS_PROGRESS_BAR (pbar)' failed

(Unity:107746): GLib-GObject-CRITICAL **: 17:43:42.011: invalid unclassed pointer in cast to 'GtkLabel'

(Unity:107746): Gtk-CRITICAL **: 17:43:42.012: gtk_label_set_text: assertion 'GTK_IS_LABEL (label)' failed

(Unity:107746): GLib-GObject-CRITICAL **: 17:43:42.118: invalid unclassed pointer in cast to 'GtkProgressBar'

(Unity:107746): Gtk-CRITICAL **: 17:43:42.118: gtk_progress_bar_set_fraction: assertion 'GTK_IS_PROGRESS_BAR (pbar)' failed

(Unity:107746): GLib-GObject-CRITICAL **: 17:43:42.118: invalid unclassed pointer in cast to 'GtkLabel'

(Unity:107746): Gtk-CRITICAL **: 17:43:42.118: gtk_label_set_text: assertion 'GTK_IS_LABEL (label)' failed

(Unity:107746): GLib-GObject-CRITICAL **: 17:43:42.225: invalid unclassed pointer in cast to 'GtkProgressBar'

(Unity:107746): Gtk-CRITICAL **: 17:43:42.225: gtk_progress_bar_set_fraction: assertion 'GTK_IS_PROGRESS_BAR (pbar)' failed

(Unity:107746): GLib-GObject-CRITICAL **: 17:43:42.225: invalid unclassed pointer in cast to 'GtkLabel'

(Unity:107746): Gtk-CRITICAL **: 17:43:42.225: gtk_label_set_text: assertion 'GTK_IS_LABEL (label)' failed

(Unity:107746): GLib-GObject-CRITICAL **: 17:43:42.332: invalid unclassed pointer in cast to 'GtkProgressBar'

(Unity:107746): Gtk-CRITICAL **: 17:43:42.332: gtk_progress_bar_set_fraction: assertion 'GTK_IS_PROGRESS_BAR (pbar)' failed

(Unity:107746): GLib-GObject-CRITICAL **: 17:43:42.332: invalid unclassed pointer in cast to 'GtkLabel'

(Unity:107746): Gtk-CRITICAL **: 17:43:42.332: gtk_label_set_text: assertion 'GTK_IS_LABEL (label)' failed

(Unity:107746): GLib-GObject-CRITICAL **: 17:43:42.437: invalid unclassed pointer in cast to 'GtkProgressBar'

(Unity:107746): Gtk-CRITICAL **: 17:43:42.437: gtk_progress_bar_set_fraction: assertion 'GTK_IS_PROGRESS_BAR (pbar)' failed

(Unity:107746): GLib-GObject-CRITICAL **: 17:43:42.437: invalid unclassed pointer in cast to 'GtkLabel'

(Unity:107746): Gtk-CRITICAL **: 17:43:42.437: gtk_label_set_text: assertion 'GTK_IS_LABEL (label)' failed

(Unity:107746): GLib-GObject-CRITICAL **: 17:43:42.539: invalid unclassed pointer in cast to 'GtkProgressBar'

(Unity:107746): Gtk-CRITICAL **: 17:43:42.540: gtk_progress_bar_set_fraction: assertion 'GTK_IS_PROGRESS_BAR (pbar)' failed

(Unity:107746): GLib-GObject-CRITICAL **: 17:43:42.540: invalid unclassed pointer in cast to 'GtkLabel'

(Unity:107746): Gtk-CRITICAL **: 17:43:42.540: gtk_label_set_text: assertion 'GTK_IS_LABEL (label)' failed

(Unity:107746): GLib-GObject-CRITICAL **: 17:43:42.647: invalid unclassed pointer in cast to 'GtkProgressBar'

(Unity:107746): Gtk-CRITICAL **: 17:43:42.647: gtk_progress_bar_set_fraction: assertion 'GTK_IS_PROGRESS_BAR (pbar)' failed

(Unity:107746): GLib-GObject-CRITICAL **: 17:43:42.647: invalid unclassed pointer in cast to 'GtkLabel'

(Unity:107746): Gtk-CRITICAL **: 17:43:42.647: gtk_label_set_text: assertion 'GTK_IS_LABEL (label)' failed

(Unity:107746): GLib-GObject-CRITICAL **: 17:43:42.753: invalid unclassed pointer in cast to 'GtkProgressBar'

(Unity:107746): Gtk-CRITICAL **: 17:43:42.753: gtk_progress_bar_set_fraction: assertion 'GTK_IS_PROGRESS_BAR (pbar)' failed

(Unity:107746): GLib-GObject-CRITICAL **: 17:43:42.753: invalid unclassed pointer in cast to 'GtkLabel'

(Unity:107746): Gtk-CRITICAL **: 17:43:42.753: gtk_label_set_text: assertion 'GTK_IS_LABEL (label)' failed

(Unity:107746): GLib-GObject-CRITICAL **: 17:43:42.858: invalid unclassed pointer in cast to 'GtkProgressBar'

(Unity:107746): Gtk-CRITICAL **: 17:43:42.859: gtk_progress_bar_set_fraction: assertion 'GTK_IS_PROGRESS_BAR (pbar)' failed

(Unity:107746): GLib-GObject-CRITICAL **: 17:43:42.859: invalid unclassed pointer in cast to 'GtkLabel'

(Unity:107746): Gtk-CRITICAL **: 17:43:42.859: gtk_label_set_text: assertion 'GTK_IS_LABEL (label)' failed

(Unity:107746): GLib-GObject-CRITICAL **: 17:43:42.963: invalid unclassed pointer in cast to 'GtkProgressBar'

(Unity:107746): Gtk-CRITICAL **: 17:43:42.963: gtk_progress_bar_set_fraction: assertion 'GTK_IS_PROGRESS_BAR (pbar)' failed

(Unity:107746): GLib-GObject-CRITICAL **: 17:43:42.963: invalid unclassed pointer in cast to 'GtkLabel'

(Unity:107746): Gtk-CRITICAL **: 17:43:42.963: gtk_label_set_text: assertion 'GTK_IS_LABEL (label)' failed

(Unity:107746): GLib-GObject-CRITICAL **: 17:43:43.076: invalid unclassed pointer in cast to 'GtkProgressBar'

(Unity:107746): Gtk-CRITICAL **: 17:43:43.076: gtk_progress_bar_set_fraction: assertion 'GTK_IS_PROGRESS_BAR (pbar)' failed

(Unity:107746): GLib-GObject-CRITICAL **: 17:43:43.076: invalid unclassed pointer in cast to 'GtkLabel'

(Unity:107746): Gtk-CRITICAL **: 17:43:43.076: gtk_label_set_text: assertion 'GTK_IS_LABEL (label)' failed

(Unity:107746): GLib-GObject-CRITICAL **: 17:43:43.178: invalid unclassed pointer in cast to 'GtkProgressBar'

(Unity:107746): Gtk-CRITICAL **: 17:43:43.178: gtk_progress_bar_set_fraction: assertion 'GTK_IS_PROGRESS_BAR (pbar)' failed

(Unity:107746): GLib-GObject-CRITICAL **: 17:43:43.178: invalid unclassed pointer in cast to 'GtkLabel'

(Unity:107746): Gtk-CRITICAL **: 17:43:43.178: gtk_label_set_text: assertion 'GTK_IS_LABEL (label)' failed

(Unity:107746): GLib-GObject-CRITICAL **: 17:43:43.281: invalid unclassed pointer in cast to 'GtkProgressBar'

(Unity:107746): Gtk-CRITICAL **: 17:43:43.281: gtk_progress_bar_set_fraction: assertion 'GTK_IS_PROGRESS_BAR (pbar)' failed

(Unity:107746): GLib-GObject-CRITICAL **: 17:43:43.281: invalid unclassed pointer in cast to 'GtkLabel'

(Unity:107746): Gtk-CRITICAL **: 17:43:43.281: gtk_label_set_text: assertion 'GTK_IS_LABEL (label)' failed

(Unity:107746): GLib-GObject-CRITICAL **: 17:43:43.385: invalid unclassed pointer in cast to 'GtkProgressBar'

(Unity:107746): Gtk-CRITICAL **: 17:43:43.385: gtk_progress_bar_set_fraction: assertion 'GTK_IS_PROGRESS_BAR (pbar)' failed

(Unity:107746): GLib-GObject-CRITICAL **: 17:43:43.385: invalid unclassed pointer in cast to 'GtkLabel'

(Unity:107746): Gtk-CRITICAL **: 17:43:43.386: gtk_label_set_text: assertion 'GTK_IS_LABEL (label)' failed

(Unity:107746): GLib-GObject-CRITICAL **: 17:43:43.490: invalid unclassed pointer in cast to 'GtkProgressBar'

(Unity:107746): Gtk-CRITICAL **: 17:43:43.490: gtk_progress_bar_set_fraction: assertion 'GTK_IS_PROGRESS_BAR (pbar)' failed

(Unity:107746): GLib-GObject-CRITICAL **: 17:43:43.490: invalid unclassed pointer in cast to 'GtkLabel'

(Unity:107746): Gtk-CRITICAL **: 17:43:43.490: gtk_label_set_text: assertion 'GTK_IS_LABEL (label)' failed

(Unity:107746): GLib-GObject-CRITICAL **: 17:43:43.591: invalid unclassed pointer in cast to 'GtkProgressBar'

(Unity:107746): Gtk-CRITICAL **: 17:43:43.592: gtk_progress_bar_set_fraction: assertion 'GTK_IS_PROGRESS_BAR (pbar)' failed
Caught fatal signal - signo:11 code:1 errno:0 addr:0x559725c4b
Obtained 46 stack frames.
#0  0x0071ae5d819ea0 in g_type_check_instance_cast
#1  0x005596e6c32ef0 in EditorLaunchScreen::PlatformEditorLaunchScreen::SetText(_GtkWidget*, core::basic_string<char, core::StringStorageDefault<char> > const&)
#2  0x005596e6c3387d in EditorLaunchScreen::PlatformEditorLaunchScreen::SetProgress(core::basic_string<char, core::StringStorageDefault<char> > const&, float)
#3  0x005596e68e73fa in UpdateProgressBarState(bool, bool)
#4  0x005596e68e8eb6 in DisplayProgressbarLegacy(core::basic_string_ref<char>, core::basic_string_ref<char>, float, bool)
#5  0x005596e6cdb9f1 in EditorUtility_CUSTOM_DisplayCancelableProgressBar(BindingsManagedSpan*, BindingsManagedSpan*, float)
#6  0x0000004227995a in (wrapper managed-to-native) UnityEditor.EditorUtility:DisplayCancelableProgressBar_Injected (UnityEngine.Bindings.ManagedSpanWrapper&,UnityEngine.Bindings.ManagedSpanWrapper&,single)
#7  0x0000004227983f in UnityEditor.EditorUtility:DisplayCancelableProgressBar (string,string,single)
#8  0x000000422768cf in UnityEditor.Scripting.ScriptCompilation.EditorCompilation:CompleteActiveBuildWhilePumping ()
#9  0x0000004227527f in UnityEditor.Scripting.ScriptCompilation.EditorCompilation:TickCompilationPipeline (UnityEditor.Scripting.ScriptCompilation.EditorScriptCompilationOptions,UnityEditor.BuildTarget,int,string[],bool)
#10 0x00000042274177 in UnityEditor.Scripting.ScriptCompilation.EditorCompilationInterface:TickCompilationPipeline (UnityEditor.Scripting.ScriptCompilation.EditorScriptCompilationOptions,UnityEditor.BuildTarget,int,string[],bool)
#11 0x00000042274272 in (wrapper runtime-invoke) <Module>:runtime_invoke_EditorCompilation/CompileStatus_int_int_int_object_byte (object,intptr,intptr,intptr)
#12 0x0071aceca463f6 in (Unknown)
#13 0x0071acecbe3dd5 in (Unknown)
#14 0x0071acecbe3d39 in mono_runtime_invoke
#15 0x005596e9077a56 in scripting_method_invoke(ScriptingMethodPtr, ScriptingObjectPtr, ScriptingArguments&, ScriptingExceptionPtr*, bool)
#16 0x005596e904cbf1 in ScriptingInvocation::Invoke(ScriptingExceptionPtr*, bool)
#17 0x005596e904ca19 in int ScriptingInvocation::Invoke<int>(ScriptingExceptionPtr*, bool)
#18 0x005596e6dc35ec in Scripting::UnityEditor::Scripting::ScriptCompilation::EditorCompilationInterfaceProxy::TickCompilationPipeline(int, int, int, ScriptingArrayPtr, bool, ScriptingExceptionPtr*)
#19 0x005596e695dd2d in TickCompilationPipeline(EditorScriptCompilationOptions, BuildTargetPlatform, int, core::vector<core::basic_string<char, core::StringStorageDefault<char> >, core::allocator<core::basic_string<char, core::StringStorageDefault<char> >, 0ul> > const&, bool)
#20 0x005596e6960053 in CompileScriptsWait(ScriptCompileFlags, EditorScriptCompilationOptions, BuildTargetPlatform, int, core::vector<core::basic_string<char, core::StringStorageDefault<char> >, core::allocator<core::basic_string<char, core::StringStorageDefault<char> >, 0ul> > const&)
#21 0x005596e6960282 in CompileDirtyScriptsForEditorSyncInternal(ScriptCompileFlags, EditorScriptCompilationOptions, BuildTargetPlatform, int)
#22 0x005596e695ff48 in BootstrapCompilation(bool)
#23 0x005596e5f162cb in CompileScripts(ScriptChanges const&, bool, bool)
#24 0x005596e5f1673f in UpdateAndCompileScripts(ScriptChanges const&, bool, bool)
#25 0x005596e5db874e in CompileScriptsV2(ScriptChanges const&, AssetDatabase::UpdateAssetOptions, InternalRefreshFlagsV2)
#26 0x005596e5d99186 in (Unknown)
#27 0x005596e5dbbf2b in RefreshInternalV2(AssetDatabase::UpdateAssetOptions, ScanFilter const&, InternalRefreshFlagsV2)
#28 0x005596e5d9a53b in StopAssetImportingV2Internal(AssetDatabase::UpdateAssetOptions, InternalRefreshFlagsV2, ScanFilter const*, char const*)
#29 0x005596e5d9d099 in InitialRefreshV2(bool, bool)
#30 0x005596e5d4c668 in AssetDatabase::InitialRefresh(bool, bool)
#31 0x005596e639e2c3 in Application::InitializeProject()
#32 0x005596e6c30453 in InitializeUnity(void*)
#33 0x0071ae5cd454f2 in (Unknown)
#34 0x0071ae5cd4445e in (Unknown)
#35 0x0071ae5cda3977 in (Unknown)
#36 0x0071ae5cd44f47 in g_main_loop_run
#37 0x0071ae5d1febc5 in gtk_main
#38 0x005596e6c2fd89 in main
#39 0x0071ae58e2a1ca in __libc_start_call_main
#40 0x0071ae58e2a28b in __libc_start_main_alias_2
#41 0x005596e4c75021 in _start
Launching bug reporter
info: Microsoft.Hosting.Lifetime[0]
      Application is shutting down...
info: Unity.ILPP.Runner.PostProcessingAssemblyLoadContext[0]
      ALC ILPP context 1 is unloading
